trip_id,arrival_time,departure_time,stop_id,stop_sequence,shape_dist_traveled,stop_headsign,pickup_type,drop_off_type,timepoint
12356443:14826741:14829160,17:58:00,17:58:00,100191,14,3796,,0,0,0
12356443:14826741:14829160,17:59:00,17:59:00,100165,15,4003,,0,0,0
12356443:14826741:14829160,18:01:00,18:01:00,100106,16,4635,,0,0,0
12356443:14826741:14829160,18:02:00,18:02:00,100068,17,4902,,0,0,0
12356443:14826741:14829160,18:04:00,18:04:00,100051,18,5291,,0,0,1
12356443:14826741:14829160,18:05:00,18:05:00,100394,19,5667,,0,0,0
12356443:14826741:14829160,18:06:00,18:06:00,100146,20,5925,,0,0,0
12356443:14826741:14829160,18:07:00,18:07:00,100178,21,6219,,0,0,0
12356443:14826741:14829160,18:09:00,18:09:00,100198,22,6514,,0,0,0
12356443:14826741:14829160,18:11:00,18:11:00,100292,23,7153,,0,0,1
12356443:14826741:14829160,18:13:00,18:13:00,100346,24,7698,,0,0,0
12356443:14826741:14829160,18:13:00,18:13:00,100380,25,7925,,0,0,0
12356443:14826741:14829160,18:14:00,18:14:00,100414,26,8140,,0,0,0
12356443:14826741:14829160,18:15:00,18:15:00,100452,27,8414,,0,0,0
12356443:14826741:14829160,18:16:00,18:16:00,100523,28,8747,,0,0,0
12356443:14826741:14829160,18:16:00,18:16:00,100587,29,9008,,0,0,0
12356443:14826741:14829160,18:17:00,18:17:00,100620,30,9268,,0,0,0
12356443:14826741:14829160,18:18:00,18:18:00,100670,31,9562,,0,0,1
12356443:14826741:14829160,18:18:00,18:18:00,100716,32,9782,,0,0,0
12356443:14826741:14829160,18:20:00,18:20:00,100805,33,10445,,0,0,0
12356443:14826741:14829160,18:20:00,18:20:00,100841,34,10683,,0,0,0
12356443:14826741:14829160,18:21:00,18:21:00,100903,35,10953,,0,0,0
12356443:14826741:14829160,18:22:00,18:22:00,100928,36,11442,,0,0,0
12356443:14826741:14829160,18:23:00,18:23:00,100949,37,11621,,0,0,0
12356443:14826741:14829160,18:23:00,18:23:00,100978,38,11904,,0,0,0
12356443:14826741:14829160,18:24:00,18:24:00,100992,39,12087,,0,0,0
12356443:14826741:14829160,18:25:00,18:25:00,101015,40,12395,,0,0,0
12356443:14826741:14829160,18:25:00,18:25:00,101030,41,12662,,0,0,0
12356443:14826741:14829160,18:26:00,18:26:00,101071,42,13073,,0,0,0
12356443:14826741:14829160,18:27:00,18:27:00,101104,43,13301,,0,0,0
12356443:14826741:14829160,18:28:00,18:28:00,101142,44,13686,,0,0,1
12356443:14826741:14829160,18:28:00,18:28:00,101171,45,13981,,0,0,0
12356443:14826741:14829160,18:29:00,18:29:00,101189,46,14175,,0,0,0
12356443:14826741:14829160,18:29:00,18:29:00,101216,47,14482,,0,0,0
12356443:14826741:14829160,18:29:00,18:29:00,101175,48,14711,,0,0,0
12356443:14826741:14829160,18:30:00,18:30:00,101148,49,14983,,0,0,0
12356443:14826741:14829160,18:30:00,18:30:00,101118,50,15210,,0,0,0
12356443:14826741:14829160,18:30:00,18:30:00,101094,51,15423,,0,0,0
12356443:14826741:14829160,18:32:00,18:32:00,101068,52,15821,,0,0,0
12356443:14826741:14829160,18:33:00,18:33:00,101081,53,16284,,0,0,0
12356443:14826741:14829160,18:34:00,18:34:00,101143,54,17022,,0,0,0
12356443:14826741:14829160,18:35:00,18:35:00,101111,55,17311,,1,1,0
12356443:14826741:14829160,18:36:00,18:36:00,102611,56,17465,,1,0,1
12352500:14826745:14828321,16:42:00,16:42:00,102211,1,0,,0,0,1
12352500:14826745:14828321,16:45:00,16:45:00,100010,2,776,,0,0,0
12352500:14826745:14828321,16:47:00,16:47:00,100032,3,972,,0,0,0
12352500:14826745:14828321,16:50:00,16:50:00,100076,4,1360,,0,0,0
12352500:14826745:14828321,16:51:00,16:51:00,100146,5,1866,,0,0,0
12352500:14826745:14828321,16:53:00,16:53:00,100198,6,2440,,0,0,1
12352500:14826745:14828321,16:56:00,16:56:00,100358,7,3457,,0,0,0
12352500:14826745:14828321,16:58:00,16:58:00,100456,8,3988,,0,0,0
12352500:14826745:14828321,17:00:00,17:00:00,100554,9,4420,,0,0,1
12352500:14826745:14828321,17:02:00,17:02:00,102722,10,5916,,0,0,0
12352500:14826745:14828321,17:03:00,17:03:00,100817,11,6683,,0,0,0
12352500:14826745:14828321,17:07:00,17:07:00,102721,12,8812,,0,0,0
12352500:14826745:14828321,17:11:00,17:11:00,101254,13,10976,,0,0,0
12352500:14826745:14828321,17:12:00,17:12:00,101260,14,12022,,0,0,0
12352500:14826745:14828321,17:14:00,17:14:00,101245,15,12865,,0,0,1
12352500:14826745:14828321,17:15:00,17:15:00,101275,16,13264,,0,0,0
12352500:14826745:14828321,17:16:00,17:16:00,101326,17,13661,,0,0,0
12352500:14826745:14828321,17:17:00,17:17:00,101380,18,14133,,0,0,0
12352500:14826745:14828321,17:19:00,17:19:00,101467,19,14610,,0,0,0
12352500:14826745:14828321,17:20:00,17:20:00,101513,20,15116,,0,0,0
12352500:14826745:14828321,17:22:00,17:22:00,101546,21,15535,,0,0,0
12352500:14826745:14828321,17:23:00,17:23:00,101597,22,15960,,0,0,0
12352500:14826745:14828321,17:26:00,17:26:00,101632,23,16875,,0,0,0
12352500:14826745:14828321,17:28:00,17:28:00,102442,24,17506,,0,0,0
12352500:14826745:14828321,17:31:00,17:31:00,101542,25,17985,,1,0,1
12342167:14826746:14828941,14:38:00,14:38:00,101119,1,0,,0,0,1
12342167:14826746:14828941,14:39:00,14:39:00,101145,2,247,,0,0,0
12342167:14826746:14828941,14:40:00,14:40:00,101080,3,837,,0,0,0
12342167:14826746:14828941,14:41:00,14:41:00,101069,4,1245,,0,0,0
12342167:14826746:14828941,14:41:00,14:41:00,101052,5,1407,,0,0,0
12342167:14826746:14828941,14:42:00,14:42:00,101031,6,1833,,0,0,0
12342167:14826746:14828941,14:43:00,14:43:00,101032,7,2064,,0,0,0
12342167:14826746:14828941,14:44:00,14:44:00,101050,8,2645,,0,0,0
12342167:14826746:14828941,14:45:00,14:45:00,101002,9,2979,,0,0,0
12342167:14826746:14828941,14:46:00,14:46:00,100910,10,3665,,0,0,0
12342167:14826746:14828941,14:47:00,14:47:00,100856,11,4094,,0,0,0
12342167:14826746:14828941,14:48:00,14:48:00,100795,12,4442,,0,0,0
12342167:14826746:14828941,14:49:00,14:49:00,100755,13,4815,,0,0,0
12342167:14826746:14828941,14:50:00,14:50:00,100687,14,5110,,0,0,0
12342167:14826746:14828941,14:50:00,14:50:00,100644,15,5300,,0,0,0
12342167:14826746:14828941,14:51:00,14:51:00,100585,16,5587,,0,0,0
12342167:14826746:14828941,14:51:00,14:51:00,100492,17,5909,,0,0,0
12342167:14826746:14828941,14:52:00,14:52:00,100463,18,6158,,0,0,1
12342167:14826746:14828941,14:52:00,14:52:00,100416,19,6339,,0,0,0
12342167:14826746:14828941,14:53:00,14:53:00,100386,20,6639,,0,0,0
12342167:14826746:14828941,14:54:00,14:54:00,100338,21,6810,,0,0,0
12342167:14826746:14828941,14:54:00,14:54:00,100310,22,7029,,0,0,0
12342167:14826746:14828941,14:55:00,14:55:00,100273,23,7307,,0,0,0
12342167:14826746:14828941,14:56:00,14:56:00,100215,24,7698,,0,0,0
12342167:14826746:14828941,14:57:00,14:57:00,100186,25,8008,,0,0,1
12342167:14826746:14828941,14:58:00,14:58:00,100149,26,8415,,0,0,0
12342167:14826746:14828941,15:00:00,15:00:00,100930,27,8907,,0,0,0
12342167:14826746:14828941,15:02:00,15:02:00,100047,28,9409,,0,0,0
12342167:14826746:14828941,15:04:00,15:04:00,100028,29,9691,,0,0,0
12342167:14826746:14828941,15:07:00,15:07:00,100033,30,10050,,0,0,1
12342167:14826746:14828941,15:08:00,15:08:00,100045,31,10271,,0,0,0
12342167:14826746:14828941,15:09:00,15:09:00,100064,32,10482,,0,0,0
12342167:14826746:14828941,15:10:00,15:10:00,100126,33,10933,,0,0,0
12342167:14826746:14828941,15:11:00,15:11:00,100153,34,11178,,0,0,0
12342167:14826746:14828941,15:12:00,15:12:00,102573,35,11566,,0,0,0
12342167:14826746:14828941,15:13:00,15:13:00,100212,36,11906,,0,0,0
12342167:14826746:14828941,15:15:00,15:15:00,100320,37,12385,,0,0,1
12342167:14826746:14828941,15:16:00,15:16:00,100384,38,12702,,0,0,0
12342167:14826746:14828941,15:16:00,15:16:00,100434,39,12976,,0,0,0
12342167:14826746:14828941,15:17:00,15:17:00,100451,40,13200,,0,0,0
12342167:14826746:14828941,15:18:00,15:18:00,100479,41,13449,,0,0,0
12342167:14826746:14828941,15:18:00,15:18:00,100518,42,13704,,0,0,0
12342167:14826746:14828941,15:19:00,15:19:00,100544,43,13884,,0,0,0
12342167:14826746:14828941,15:19:00,15:19:00,100565,44,14052,,0,0,0
12342167:14826746:14828941,15:20:00,15:20:00,100606,45,14331,,0,0,0
12342167:14826746:14828941,15:20:00,15:20:00,100652,46,14614,,0,0,0
12342167:14826746:14828941,15:21:00,15:21:00,100712,47,14999,,0,0,0
12342167:14826746:14828941,15:22:00,15:22:00,102608,48,15432,,0,0,0
12342167:14826746:14828941,15:23:00,15:23:00,100793,49,15773,,0,0,0
12342167:14826746:14828941,15:24:00,15:24:00,100822,50,16063,,0,0,0
12342167:14826746:14828941,15:24:00,15:24:00,100844,51,16292,,0,0,0
12342167:14826746:14828941,15:25:00,15:25:00,100869,52,16488,,0,0,0
12342167:14826746:14828941,15:25:00,15:25:00,100901,53,16701,,0,0,0
12342167:14826746:14828941,15:26:00,15:26:00,100944,54,17174,,0,0,0
12342167:14826746:14828941,15:27:00,15:27:00,100956,55,17490,,0,0,0
12342167:14826746:14828941,15:27:00,15:27:00,100071,56,17832,,0,0,0
12342167:14826746:14828941,15:30:00,15:30:00,101036,57,18409,,0,0,0
12342167:14826746:14828941,15:33:00,15:33:00,102420,58,18940,,1,0,1
12352503:14826748:14827150,17:07:00,17:07:00,102211,1,0,,0,0,1
12352503:14826748:14827150,17:10:00,17:10:00,100010,2,776,,0,0,0
12352503:14826748:14827150,17:12:00,17:12:00,100032,3,972,,0,0,0
12352503:14826748:14827150,17:15:00,17:15:00,100076,4,1360,,0,0,0
12352503:14826748:14827150,17:16:00,17:16:00,100146,5,1866,,0,0,0
12352503:14826748:14827150,17:18:00,17:18:00,100198,6,2440,,0,0,1
12352503:14826748:14827150,17:21:00,17:21:00,100358,7,3457,,0,0,0
12352503:14826748:14827150,17:23:00,17:23:00,100456,8,3988,,0,0,0
12352503:14826748:14827150,17:25:00,17:25:00,100554,9,4420,,0,0,1
12352503:14826748:14827150,17:27:00,17:27:00,102722,10,5916,,0,0,0
12352503:14826748:14827150,17:28:00,17:28:00,100817,11,6683,,0,0,0
12352503:14826748:14827150,17:32:00,17:32:00,102721,12,8812,,0,0,0
12352503:14826748:14827150,17:36:00,17:36:00,101254,13,10976,,0,0,0
12352503:14826748:14827150,17:37:00,17:37:00,101260,14,12022,,0,0,0
12352503:14826748:14827150,17:39:00,17:39:00,101245,15,12865,,0,0,1
12352503:14826748:14827150,17:40:00,17:40:00,101275,16,13264,,0,0,0
12352503:14826748:14827150,17:41:00,17:41:00,101326,17,13661,,0,0,0
12352503:14826748:14827150,17:42:00,17:42:00,101380,18,14133,,0,0,0
12352503:14826748:14827150,17:43:00,17:43:00,101467,19,14610,,0,0,0
12352503:14826748:14827150,17:45:00,17:45:00,101513,20,15116,,0,0,0
12352503:14826748:14827150,17:46:00,17:46:00,101546,21,15535,,0,0,0
12352503:14826748:14827150,17:48:00,17:48:00,101597,22,15960,,0,0,0
12352503:14826748:14827150,17:50:00,17:50:00,101632,23,16875,,0,0,0
12352503:14826748:14827150,17:52:00,17:52:00,102442,24,17506,,0,0,0
12352503:14826748:14827150,17:55:00,17:55:00,101542,25,17985,,1,0,1
12357334:14826752:14828315,14:20:00,14:20:00,100921,1,0,,0,0,1
12357334:14826752:14828315,14:21:00,14:21:00,100854,2,221,,0,0,0
12357334:14826752:14828315,14:22:00,14:22:00,100853,3,438,,0,0,0
12357334:14826752:14828315,14:22:00,14:22:00,100895,4,691,,0,0,0
12357334:14826752:14828315,14:23:00,14:23:00,100919,5,924,,0,0,0
12357334:14826752:14828315,14:24:00,14:24:00,100926,6,1178,,0,0,0
12357334:14826752:14828315,14:24:00,14:24:00,100929,7,1538,,0,0,0
12357334:14826752:14828315,14:26:00,14:26:00,102609,8,2037,,0,0,0
12357334:14826752:14828315,14:26:00,14:26:00,100880,9,2243,,0,0,1
12357334:14826752:14828315,14:26:00,14:26:00,100835,10,2466,,0,0,0
12357334:14826752:14828315,14:27:00,14:27:00,100789,11,2749,,0,0,0
12357334:14826752:14828315,14:28:00,14:28:00,100732,12,3105,,0,0,0
12357334:14826752:14828315,14:29:00,14:29:00,100682,13,3389,,0,0,0
12357334:14826752:14828315,14:29:00,14:29:00,100630,14,3678,,0,0,0
12357334:14826752:14828315,14:30:00,14:30:00,100578,15,3941,,0,0,0
12357334:14826752:14828315,14:30:00,14:30:00,100513,16,4272,,0,0,0
12357334:14826752:14828315,14:31:00,14:31:00,100474,17,4477,,0,0,0
12357334:14826752:14828315,14:32:00,14:32:00,100426,18,4767,,0,0,0
12357334:14826752:14828315,14:32:00,14:32:00,100354,19,5147,,0,0,0
12357334:14826752:14828315,14:33:00,14:33:00,100309,20,5422,,0,0,1
12357334:14826752:14828315,14:35:00,14:35:00,100250,21,5873,,0,0,0
12357334:14826752:14828315,14:36:00,14:36:00,100226,22,6060,,0,0,0
12357334:14826752:14828315,14:37:00,14:37:00,100196,23,6300,,0,0,0
12357334:14826752:14828315,14:38:00,14:38:00,100172,24,6574,,0,0,0
12357334:14826752:14828315,14:39:00,14:39:00,100115,25,6948,,0,0,0
12357334:14826752:14828315,14:42:00,14:42:00,100106,26,7436,,0,0,0
12357334:14826752:14828315,14:44:00,14:44:00,100068,27,7703,,0,0,0
12357334:14826752:14828315,14:47:00,14:47:00,100048,28,8104,,0,0,1
12357334:14826752:14828315,14:48:00,14:48:00,100050,29,8324,,0,0,0
12357334:14826752:14828315,14:49:00,14:49:00,100077,30,8562,,0,0,0
12357334:14826752:14828315,14:51:00,14:51:00,100941,31,9125,,0,0,0
12357334:14826752:14828315,14:52:00,14:52:00,100097,32,9341,,0,0,0
12357334:14826752:14828315,14:53:00,14:53:00,100134,33,9592,,0,0,0
12357334:14826752:14828315,14:54:00,14:54:00,100148,34,9962,,0,0,0
12357334:14826752:14828315,14:55:00,14:55:00,100204,35,10346,,0,0,0
12357334:14826752:14828315,14:56:00,14:56:00,100242,36,10658,,0,0,0
12357334:14826752:14828315,14:57:00,14:57:00,100259,37,11007,,0,0,0
12357334:14826752:14828315,14:58:00,14:58:00,100277,38,11223,,0,0,1
12357334:14826752:14828315,14:59:00,14:59:00,100268,39,11404,,0,0,0
12357334:14826752:14828315,14:59:00,14:59:00,100274,40,11612,,0,0,0
12357334:14826752:14828315,15:00:00,15:00:00,100324,41,11958,,0,0,0
12357334:14826752:14828315,15:01:00,15:01:00,100373,42,12233,,0,0,0
12357334:14826752:14828315,15:01:00,15:01:00,100370,43,12432,,0,0,0
12357334:14826752:14828315,15:02:00,15:02:00,100374,44,12667,,0,0,0
12357334:14826752:14828315,15:03:00,15:03:00,100381,45,12836,,0,0,0
12357334:14826752:14828315,15:03:00,15:03:00,100415,46,13051,,0,0,0
12357334:14826752:14828315,15:04:00,15:04:00,100444,47,13236,,0,0,0
12357334:14826752:14828315,15:05:00,15:05:00,100481,48,13536,,0,0,0
12357334:14826752:14828315,15:05:00,15:05:00,100467,49,13764,,0,0,0
12357334:14826752:14828315,15:06:00,15:06:00,100473,50,13991,,0,0,0
12357334:14826752:14828315,15:07:00,15:07:00,100519,51,14195,,0,0,0
12357334:14826752:14828315,15:07:00,15:07:00,100529,52,14363,,0,0,1
12357334:14826752:14828315,15:10:00,15:10:00,100570,53,14821,,0,0,0
12357334:14826752:14828315,15:12:00,15:12:00,100621,54,15285,,0,0,0
12357334:14826752:14828315,15:14:00,15:14:00,100692,55,15630,,0,0,0
12357334:14826752:14828315,15:17:00,15:17:00,100776,56,16019,,0,0,0
12357334:14826752:14828315,15:18:00,15:18:00,101778,57,16284,,0,0,0
12357334:14826752:14828315,15:20:00,15:20:00,100819,58,16581,,0,0,0
12357334:14826752:14828315,15:21:00,15:21:00,102566,59,16784,,0,0,1
12357334:14826752:14828315,15:23:00,15:23:00,102537,60,17269,,0,0,0
12357334:14826752:14828315,15:25:00,15:25:00,100846,61,17895,,0,0,0
12357334:14826752:14828315,15:26:00,15:26:00,102570,62,18211,,0,0,0
12357334:14826752:14828315,15:27:00,15:27:00,100695,63,18784,,0,0,0
12357334:14826752:14828315,15:28:00,15:28:00,102571,64,19149,,0,0,0
12357334:14826752:14828315,15:30:00,15:30:00,100576,65,19599,,0,0,0
12357334:14826752:14828315,15:31:00,15:31:00,100601,66,19894,,0,0,0
12357334:14826752:14828315,15:31:00,15:31:00,100628,67,20176,,0,0,0
12357334:14826752:14828315,15:39:00,15:39:00,102444,68,20980,,1,0,1
11901434:14826755:14827564,14:30:00,14:30:00,100157,1,0,,0,0,1
11901434:14826755:14827564,14:32:00,14:32:00,102385,2,651,,0,0,0
11901434:14826755:14827564,14:33:00,14:33:00,102374,3,1986,,0,0,0
11901434:14826755:14827564,14:34:00,14:34:00,102366,4,2694,,0,0,0
11901434:14826755:14827564,14:35:00,14:35:00,102357,5,3106,,0,0,0
11901434:14826755:14827564,14:36:00,14:36:00,102354,6,3497,,0,0,0
11901434:14826755:14827564,14:37:00,14:37:00,102338,7,3805,,0,0,0
11901434:14826755:14827564,14:38:00,14:38:00,102334,8,4213,,0,0,0
11901434:14826755:14827564,14:38:00,14:38:00,102322,9,4460,,0,0,0
11901434:14826755:14827564,14:39:00,14:39:00,102312,10,4786,,0,0,0
11901434:14826755:14827564,14:39:00,14:39:00,102309,11,4954,,0,0,0
11901434:14826755:14827564,14:40:00,14:40:00,102307,12,5173,,0,0,0
11901434:14826755:14827564,14:41:00,14:41:00,102291,13,5687,,0,0,0
11901434:14826755:14827564,14:42:00,14:42:00,102280,14,5891,,0,0,0
11901434:14826755:14827564,14:42:00,14:42:00,102269,15,6230,,0,0,0
11901434:14826755:14827564,14:43:00,14:43:00,102185,16,6702,,0,0,0
11901434:14826755:14827564,14:44:00,14:44:00,102243,17,6988,,0,0,1
11901434:14826755:14827564,14:44:00,14:44:00,102240,18,7143,,0,0,0
11901434:14826755:14827564,14:45:00,14:45:00,102228,19,7565,,0,0,0
11901434:14826755:14827564,14:46:00,14:46:00,102221,20,7806,,0,0,0
11901434:14826755:14827564,14:47:00,14:47:00,102205,21,8319,,0,0,0
11901434:14826755:14827564,14:47:00,14:47:00,102200,22,8521,,0,0,0
11901434:14826755:14827564,14:48:00,14:48:00,102190,23,9020,,0,0,0
11901434:14826755:14827564,14:50:00,14:50:00,102038,24,9885,,0,0,1
11901434:14826755:14827564,14:52:00,14:52:00,102176,25,10555,,0,0,0
11901434:14826755:14827564,14:53:00,14:53:00,102158,26,11112,,0,0,0
11901434:14826755:14827564,14:54:00,14:54:00,102143,27,11560,,0,0,0
11901434:14826755:14827564,14:54:00,14:54:00,102135,28,11916,,0,0,0
11901434:14826755:14827564,14:56:00,14:56:00,102112,29,12433,,0,0,0
11901434:14826755:14827564,14:58:00,14:58:00,102094,30,13378,,0,0,0
11901434:14826755:14827564,14:59:00,14:59:00,102087,31,13868,,0,0,0
11901434:14826755:14827564,15:00:00,15:00:00,102079,32,14216,,0,0,0
11901434:14826755:14827564,15:00:00,15:00:00,102072,33,14531,,0,0,0
11901434:14826755:14827564,15:01:00,15:01:00,102650,34,14888,,0,0,1
11901434:14826755:14827564,15:02:00,15:02:00,102030,35,15536,,0,0,0
11901434:14826755:14827564,15:03:00,15:03:00,102021,36,15872,,0,0,0
11901434:14826755:14827564,15:03:00,15:03:00,101996,37,16367,,0,0,0
11901434:14826755:14827564,15:04:00,15:04:00,101968,38,16807,,0,0,0
11901434:14826755:14827564,15:04:00,15:04:00,101972,39,17168,,0,0,0
11901434:14826755:14827564,15:05:00,15:05:00,101942,40,17683,,0,0,0
11901434:14826755:14827564,15:06:00,15:06:00,101861,41,18087,,0,0,0
11901434:14826755:14827564,15:11:00,15:11:00,101828,42,22000,,0,0,0
11901434:14826755:14827564,15:14:00,15:14:00,101596,43,24793,,0,0,0
11901434:14826755:14827564,15:15:00,15:15:00,101540,44,25286,,0,0,0
11901434:14826755:14827564,15:16:00,15:16:00,101478,45,25963,,0,0,0
11901434:14826755:14827564,15:17:00,15:17:00,101439,46,26295,,0,0,0
11901434:14826755:14827564,15:17:00,15:19:00,101448,47,26574,,0,0,1
11901434:14826755:14827564,15:23:00,15:23:00,100872,48,30211,,0,0,0
11901434:14826755:14827564,15:25:00,15:25:00,100650,49,31489,,0,0,0
11901434:14826755:14827564,15:26:00,15:26:00,100593,50,31915,,0,0,1
11901434:14826755:14827564,15:27:00,15:27:00,100571,51,32090,,0,0,0
11901434:14826755:14827564,15:29:00,15:29:00,100454,52,32636,,0,0,0
11901434:14826755:14827564,15:31:00,15:31:00,100347,53,33256,,0,0,0
11901434:14826755:14827564,15:32:00,15:32:00,100291,54,33542,,0,0,0
11901434:14826755:14827564,15:34:00,15:34:00,100195,55,33980,,0,0,1
11901434:14826755:14827564,15:36:00,15:36:00,100177,56,34393,,0,0,0
11901434:14826755:14827564,15:38:00,15:38:00,100132,57,34747,,0,0,0
11901434:14826755:14827564,15:40:00,15:40:00,100082,58,35165,,0,0,0
11901434:14826755:14827564,15:43:00,15:43:00,100034,59,35596,,0,0,0
11901434:14826755:14827564,15:44:00,15:44:00,100019,60,35858,,0,0,0
11901434:14826755:14827564,15:47:00,15:47:00,100002,61,36445,,1,0,1
12359033:14958622:14961503,09:27:00,09:27:00,102253,1,0,,0,0,1
12359033:14958622:14961503,09:28:00,09:28:00,102243,2,214,,0,0,0
12359033:14958622:14961503,09:30:00,09:30:00,102251,3,1130,,0,0,0
12359033:14958622:14961503,09:31:00,09:31:00,102257,4,1621,,0,0,0
12359033:14958622:14961503,09:32:00,09:32:00,102266,5,1926,,0,0,0
12359033:14958622:14961503,09:33:00,09:33:00,102279,6,2407,,0,0,1
12359033:14958622:14961503,09:33:00,09:33:00,102281,7,2634,,0,0,0
12359033:14958622:14961503,09:34:00,09:34:00,102284,8,2922,,0,0,0
12359033:14958622:14961503,09:35:00,09:35:00,102289,9,3498,,0,0,0
12359033:14958622:14961503,09:36:00,09:36:00,102298,10,4502,,0,0,0
12359033:14958622:14961503,09:37:00,09:37:00,102306,11,5020,,0,0,0
12359033:14958622:14961503,09:38:00,09:38:00,102341,12,5608,,0,0,0
12359033:14958622:14961503,09:38:00,09:38:00,102348,13,5890,,0,0,0
12359033:14958622:14961503,09:39:00,09:39:00,102363,14,6398,,0,0,0
12359033:14958622:14961503,09:40:00,09:40:00,102375,15,7195,,0,0,1
12359033:14958622:14961503,09:40:00,09:40:00,102377,16,7490,,0,0,0
12359033:14958622:14961503,09:41:00,09:41:00,102378,17,7956,,0,0,0
12359033:14958622:14961503,09:42:00,09:42:00,102380,18,8367,,0,0,0
12359033:14958622:14961503,09:42:00,09:42:00,102382,19,8692,,0,0,0
12359033:14958622:14961503,09:43:00,09:43:00,102391,20,8990,,0,0,0
12359033:14958622:14961503,09:43:00,09:43:00,102401,21,9225,,0,0,0
12359033:14958622:14961503,09:44:00,09:44:00,102396,22,9828,,0,0,0
12359033:14958622:14961503,09:44:00,09:44:00,102395,23,10033,,0,0,0
12359033:14958622:14961503,09:45:00,09:45:00,102388,24,10387,,0,0,0
12359033:14958622:14961503,09:46:00,09:46:00,102384,25,10864,,0,0,0
12359033:14958622:14961503,09:46:00,09:46:00,102383,26,11167,,0,0,0
12359033:14958622:14961503,09:47:00,09:47:00,102389,27,11635,,0,0,0
12359033:14958622:14961503,09:47:00,09:47:00,102399,28,11849,,0,0,0
12359033:14958622:14961503,09:48:00,09:48:00,102402,29,12020,,0,0,0
12359033:14958622:14961503,09:48:00,09:48:00,102412,30,12566,,0,0,0
12359033:14958622:14961503,09:49:00,09:49:00,102419,31,13125,,0,0,0
12359033:14958622:14961503,09:50:00,09:50:00,102425,32,13394,,0,0,0
12359033:14958622:14961503,09:50:00,09:50:00,102428,33,13572,,0,0,1
12359033:14958622:14961503,09:51:00,09:51:00,102424,34,13992,,0,0,0
12359033:14958622:14961503,09:51:00,09:51:00,102429,35,14386,,0,0,0
12359033:14958622:14961503,09:51:00,09:51:00,102431,36,14673,,0,0,0
12359033:14958622:14961503,09:52:00,09:52:00,102423,37,14993,,0,0,0
12359033:14958622:14961503,09:53:00,09:53:00,102415,38,15782,,0,0,0
12359033:14958622:14961503,09:53:00,09:53:00,102413,39,16154,,0,0,0
12359033:14958622:14961503,09:54:00,09:54:00,102409,40,16452,,0,0,0
12359033:14958622:14961503,09:54:00,09:54:00,102405,41,16887,,0,0,0
12359033:14958622:14961503,09:55:00,09:55:00,102400,42,17268,,0,0,0
12359033:14958622:14961503,09:55:00,09:55:00,102386,43,17579,,0,0,1
12359033:14958622:14961503,09:59:00,09:59:00,102304,44,21018,,0,0,0
12359033:14958622:14961503,09:59:00,09:59:00,102300,45,21237,,0,0,0
12359033:14958622:14961503,10:00:00,10:00:00,102283,46,21624,,0,0,0
12359033:14958622:14961503,10:00:00,10:00:00,102267,47,21950,,0,0,1
12359033:14958622:14961503,10:03:00,10:03:00,102248,48,22896,,0,0,0
12359033:14958622:14961503,10:05:00,10:05:00,102249,49,23561,,0,0,0
12359033:14958622:14961503,10:06:00,10:06:00,102259,50,23957,,0,0,0
12359033:14958622:14961503,10:07:00,10:07:00,100917,51,24363,,0,0,0
12359033:14958622:14961503,10:08:00,10:08:00,102280,52,24662,,0,0,0
12359033:14958622:14961503,10:09:00,10:09:00,102269,53,25001,,0,0,0
12359033:14958622:14961503,10:11:00,10:11:00,102253,54,25547,,1,0,1
12359073:14958633:14961367,13:27:00,13:27:00,102253,1,0,,0,0,1
12359073:14958633:14961367,13:28:00,13:28:00,102243,2,214,,0,0,0
12359073:14958633:14961367,13:30:00,13:30:00,102251,3,1130,,0,0,0
12359073:14958633:14961367,13:31:00,13:31:00,102257,4,1621,,0,0,0
12359073:14958633:14961367,13:32:00,13:32:00,102266,5,1926,,0,0,0
12359073:14958633:14961367,13:33:00,13:33:00,102279,6,2407,,0,0,1
12359073:14958633:14961367,13:33:00,13:33:00,102281,7,2634,,0,0,0
12359073:14958633:14961367,13:34:00,13:34:00,102284,8,2922,,0,0,0
12359073:14958633:14961367,13:35:00,13:35:00,102289,9,3498,,0,0,0
12359073:14958633:14961367,13:36:00,13:36:00,102298,10,4502,,0,0,0
12359073:14958633:14961367,13:37:00,13:37:00,102306,11,5020,,0,0,0
12359073:14958633:14961367,13:38:00,13:38:00,102341,12,5608,,0,0,0
12359073:14958633:14961367,13:38:00,13:38:00,102348,13,5890,,0,0,0
12359073:14958633:14961367,13:39:00,13:39:00,102363,14,6398,,0,0,0
12359073:14958633:14961367,13:40:00,13:40:00,102375,15,7195,,0,0,1
12359073:14958633:14961367,13:40:00,13:40:00,102377,16,7490,,0,0,0
12359073:14958633:14961367,13:41:00,13:41:00,102378,17,7956,,0,0,0
12359073:14958633:14961367,13:42:00,13:42:00,102380,18,8367,,0,0,0
12359073:14958633:14961367,13:42:00,13:42:00,102382,19,8692,,0,0,0
12359073:14958633:14961367,13:43:00,13:43:00,102391,20,8990,,0,0,0
12359073:14958633:14961367,13:43:00,13:43:00,102401,21,9225,,0,0,0
12359073:14958633:14961367,13:44:00,13:44:00,102396,22,9828,,0,0,0
12359073:14958633:14961367,13:44:00,13:44:00,102395,23,10033,,0,0,0
12359073:14958633:14961367,13:45:00,13:45:00,102388,24,10387,,0,0,0
12359073:14958633:14961367,13:46:00,13:46:00,102384,25,10864,,0,0,0
12359073:14958633:14961367,13:46:00,13:46:00,102383,26,11167,,0,0,0
12359073:14958633:14961367,13:47:00,13:47:00,102389,27,11635,,0,0,0
12359073:14958633:14961367,13:47:00,13:47:00,102399,28,11849,,0,0,0
12359073:14958633:14961367,13:48:00,13:48:00,102402,29,12020,,0,0,0
12359073:14958633:14961367,13:48:00,13:48:00,102412,30,12566,,0,0,0
12359073:14958633:14961367,13:49:00,13:49:00,102419,31,13125,,0,0,0
12359073:14958633:14961367,13:50:00,13:50:00,102425,32,13394,,0,0,0
12359073:14958633:14961367,13:50:00,13:50:00,102428,33,13572,,0,0,1
12359073:14958633:14961367,13:51:00,13:51:00,102424,34,13992,,0,0,0
12359073:14958633:14961367,13:51:00,13:51:00,102429,35,14386,,0,0,0
12359073:14958633:14961367,13:51:00,13:51:00,102431,36,14673,,0,0,0
12359073:14958633:14961367,13:52:00,13:52:00,102423,37,14993,,0,0,0
12359073:14958633:14961367,13:53:00,13:53:00,102415,38,15782,,0,0,0
12359073:14958633:14961367,13:53:00,13:53:00,102413,39,16154,,0,0,0
12359073:14958633:14961367,13:54:00,13:54:00,102409,40,16452,,0,0,0
12359073:14958633:14961367,13:54:00,13:54:00,102405,41,16887,,0,0,0
12359073:14958633:14961367,13:55:00,13:55:00,102400,42,17268,,0,0,0
12359073:14958633:14961367,13:55:00,13:55:00,102386,43,17579,,0,0,1
12359073:14958633:14961367,13:59:00,13:59:00,102304,44,21018,,0,0,0
12359073:14958633:14961367,13:59:00,13:59:00,102300,45,21237,,0,0,0
12359073:14958633:14961367,14:00:00,14:00:00,102283,46,21624,,0,0,0
12359073:14958633:14961367,14:00:00,14:00:00,102267,47,21950,,0,0,1
12359073:14958633:14961367,14:03:00,14:03:00,102248,48,22896,,0,0,0
12359073:14958633:14961367,14:05:00,14:05:00,102249,49,23561,,0,0,0
12359073:14958633:14961367,14:07:00,14:07:00,102259,50,23957,,0,0,0
12359073:14958633:14961367,14:08:00,14:08:00,100917,51,24363,,0,0,0
12359073:14958633:14961367,14:09:00,14:09:00,102280,52,24662,,0,0,0
12359073:14958633:14961367,14:10:00,14:10:00,102269,53,25001,,0,0,0
12359073:14958633:14961367,14:12:00,14:12:00,102253,54,25547,,1,0,1
12329176:14958744:14961416,20:16:00,20:16:00,100405,1,0,,0,0,1
12329176:14958744:14961416,20:17:00,20:17:00,101011,2,813,,0,0,0
12329176:14958744:14961416,20:18:00,20:18:00,100991,3,1017,,0,0,0
12329176:14958744:14961416,20:19:00,20:19:00,100950,4,1546,,0,0,0
12329176:14958744:14961416,20:19:00,20:19:00,100932,5,1851,,0,0,0
12329176:14958744:14961416,20:20:00,20:20:00,100897,6,2170,,0,0,0
12329176:14958744:14961416,20:20:00,20:20:00,100826,7,2575,,0,0,0
12329176:14958744:14961416,20:21:00,20:21:00,100752,8,2940,,0,0,0
12329176:14958744:14961416,20:21:00,20:21:00,100725,9,3176,,0,0,0
12329176:14958744:14961416,20:22:00,20:22:00,100702,10,3420,,0,0,0
12329176:14958744:14961416,20:22:00,20:22:00,100681,11,3612,,0,0,0
12329176:14958744:14961416,20:22:00,20:22:00,100659,12,3809,,0,0,0
12329176:14958744:14961416,20:23:00,20:23:00,100625,13,4117,,0,0,0
12329176:14958744:14961416,20:23:00,20:23:00,100602,14,4342,,0,0,0
12329176:14958744:14961416,20:24:00,20:24:00,100559,15,4764,,0,0,1
12329176:14958744:14961416,20:24:00,20:24:00,100550,16,4975,,0,0,0
12329176:14958744:14961416,20:25:00,20:25:00,100533,17,5139,,0,0,0
12329176:14958744:14961416,20:25:00,20:25:00,100517,18,5460,,0,0,0
12329176:14958744:14961416,20:26:00,20:26:00,100511,19,5880,,0,0,0
12329176:14958744:14961416,20:27:00,20:27:00,100489,20,6109,,0,0,0
12329176:14958744:14961416,20:27:00,20:27:00,100475,21,6342,,0,0,0
12329176:14958744:14961416,20:28:00,20:28:00,100432,22,6825,,0,0,0
12329176:14958744:14961416,20:29:00,20:29:00,100383,23,7204,,0,0,0
12329176:14958744:14961416,20:29:00,20:29:00,100340,24,7478,,0,0,0
12329176:14958744:14961416,20:30:00,20:30:00,100303,25,7783,,0,0,0
12329176:14958744:14961416,20:30:00,20:30:00,100269,26,8049,,0,0,0
12329176:14958744:14961416,20:31:00,20:31:00,100236,27,8261,,0,0,0
12329176:14958744:14961416,20:31:00,20:31:00,100205,28,8523,,0,0,0
12329176:14958744:14961416,20:32:00,20:32:00,102215,29,8934,,0,0,1
12329176:14958744:14961416,20:33:00,20:33:00,100137,30,9163,,0,0,0
12329176:14958744:14961416,20:34:00,20:34:00,100091,31,9474,,0,0,0
12329176:14958744:14961416,20:35:00,20:35:00,100073,32,9619,,0,0,0
12329176:14958744:14961416,20:36:00,20:36:00,100035,33,9936,,0,0,0
12329176:14958744:14961416,20:37:00,20:37:00,100025,34,10260,,0,0,1
12329176:14958744:14961416,20:39:00,20:39:00,100032,35,10663,,0,0,0
12329176:14958744:14961416,20:41:00,20:41:00,102710,36,10938,,1,0,1
11757649:14958755:14961357,15:27:00,15:27:00,102253,1,0,,0,0,1
11757649:14958755:14961363,15:27:00,15:27:00,102253,1,0,,0,0,1
11757649:14958755:14961357,15:28:00,15:28:00,102243,2,214,,0,0,0
11757649:14958755:14961363,15:28:00,15:28:00,102243,2,214,,0,0,0
11757649:14958755:14961357,15:30:00,15:30:00,102251,3,1130,,0,0,0
11757649:14958755:14961363,15:30:00,15:30:00,102251,3,1130,,0,0,0
11757649:14958755:14961357,15:31:00,15:31:00,102257,4,1621,,0,0,0
11757649:14958755:14961363,15:31:00,15:31:00,102257,4,1621,,0,0,0
11757649:14958755:14961357,15:32:00,15:32:00,102266,5,1926,,0,0,0
11757649:14958755:14961363,15:32:00,15:32:00,102266,5,1926,,0,0,0
11757649:14958755:14961357,15:33:00,15:33:00,102279,6,2407,,0,0,1
11757649:14958755:14961363,15:33:00,15:33:00,102279,6,2407,,0,0,1
11757649:14958755:14961357,15:33:00,15:33:00,102281,7,2634,,0,0,0
11757649:14958755:14961363,15:33:00,15:33:00,102281,7,2634,,0,0,0
11757649:14958755:14961357,15:34:00,15:34:00,102284,8,2922,,0,0,0
11757649:14958755:14961363,15:34:00,15:34:00,102284,8,2922,,0,0,0
11757649:14958755:14961357,15:35:00,15:35:00,102289,9,3498,,0,0,0
11757649:14958755:14961363,15:35:00,15:35:00,102289,9,3498,,0,0,0
11757649:14958755:14961357,15:36:00,15:36:00,102298,10,4502,,0,0,0
11757649:14958755:14961363,15:36:00,15:36:00,102298,10,4502,,0,0,0
11757649:14958755:14961357,15:37:00,15:37:00,102306,11,5020,,0,0,0
11757649:14958755:14961363,15:37:00,15:37:00,102306,11,5020,,0,0,0
11757649:14958755:14961357,15:38:00,15:38:00,102341,12,5608,,0,0,0
11757649:14958755:14961363,15:38:00,15:38:00,102341,12,5608,,0,0,0
11757649:14958755:14961357,15:38:00,15:38:00,102348,13,5890,,0,0,0
11757649:14958755:14961363,15:38:00,15:38:00,102348,13,5890,,0,0,0
11757649:14958755:14961357,15:39:00,15:39:00,102363,14,6398,,0,0,0
11757649:14958755:14961363,15:39:00,15:39:00,102363,14,6398,,0,0,0
11757649:14958755:14961357,15:40:00,15:40:00,102375,15,7195,,0,0,1
11757649:14958755:14961363,15:40:00,15:40:00,102375,15,7195,,0,0,1
11757649:14958755:14961357,15:40:00,15:40:00,102377,16,7490,,0,0,0
11757649:14958755:14961363,15:40:00,15:40:00,102377,16,7490,,0,0,0
11757649:14958755:14961357,15:41:00,15:41:00,102378,17,7956,,0,0,0
11757649:14958755:14961363,15:41:00,15:41:00,102378,17,7956,,0,0,0
11757649:14958755:14961357,15:42:00,15:42:00,102380,18,8367,,0,0,0
11757649:14958755:14961363,15:42:00,15:42:00,102380,18,8367,,0,0,0
11757649:14958755:14961357,15:42:00,15:42:00,102382,19,8692,,0,0,0
11757649:14958755:14961363,15:42:00,15:42:00,102382,19,8692,,0,0,0
11757649:14958755:14961357,15:43:00,15:43:00,102391,20,8990,,0,0,0
11757649:14958755:14961363,15:43:00,15:43:00,102391,20,8990,,0,0,0
11757649:14958755:14961357,15:43:00,15:43:00,102401,21,9225,,0,0,0
11757649:14958755:14961363,15:43:00,15:43:00,102401,21,9225,,0,0,0
11757649:14958755:14961357,15:44:00,15:44:00,102396,22,9828,,0,0,0
11757649:14958755:14961363,15:44:00,15:44:00,102396,22,9828,,0,0,0
11757649:14958755:14961357,15:45:00,15:45:00,102395,23,10033,,0,0,0
11757649:14958755:14961363,15:45:00,15:45:00,102395,23,10033,,0,0,0
11757649:14958755:14961357,15:45:00,15:45:00,102388,24,10387,,0,0,0
11757649:14958755:14961363,15:45:00,15:45:00,102388,24,10387,,0,0,0
11757649:14958755:14961357,15:46:00,15:46:00,102384,25,10864,,0,0,0
11757649:14958755:14961363,15:46:00,15:46:00,102384,25,10864,,0,0,0
11757649:14958755:14961357,15:46:00,15:46:00,102383,26,11167,,0,0,0
11757649:14958755:14961363,15:46:00,15:46:00,102383,26,11167,,0,0,0
11757649:14958755:14961357,15:47:00,15:47:00,102765,27,11650,,0,0,0
11757649:14958755:14961363,15:47:00,15:47:00,102765,27,11650,,0,0,0
11757649:14958755:14961357,15:55:00,15:55:00,102428,28,16484,,0,0,1
11757649:14958755:14961363,15:55:00,15:55:00,102428,28,16484,,0,0,1
11757649:14958755:14961357,15:56:00,15:56:00,102424,29,16904,,0,0,0
11757649:14958755:14961363,15:56:00,15:56:00,102424,29,16904,,0,0,0
11757649:14958755:14961357,15:56:00,15:56:00,102429,30,17298,,0,0,0
11757649:14958755:14961363,15:56:00,15:56:00,102429,30,17298,,0,0,0
11757649:14958755:14961357,15:56:00,15:56:00,102431,31,17585,,0,0,0
11757649:14958755:14961363,15:56:00,15:56:00,102431,31,17585,,0,0,0
11757649:14958755:14961357,15:57:00,15:57:00,102423,32,17905,,0,0,0
11757649:14958755:14961363,15:57:00,15:57:00,102423,32,17905,,0,0,0
11757649:14958755:14961357,15:58:00,15:58:00,102415,33,18694,,0,0,0
11757649:14958755:14961363,15:58:00,15:58:00,102415,33,18694,,0,0,0
11757649:14958755:14961357,15:58:00,15:58:00,102413,34,19066,,0,0,0
11757649:14958755:14961363,15:58:00,15:58:00,102413,34,19066,,0,0,0
11757649:14958755:14961357,15:59:00,15:59:00,102409,35,19364,,0,0,0
11757649:14958755:14961363,15:59:00,15:59:00,102409,35,19364,,0,0,0
11757649:14958755:14961357,15:59:00,15:59:00,102405,36,19799,,0,0,0
11757649:14958755:14961363,15:59:00,15:59:00,102405,36,19799,,0,0,0
11757649:14958755:14961357,16:00:00,16:00:00,102400,37,20180,,0,0,0
11757649:14958755:14961363,16:00:00,16:00:00,102400,37,20180,,0,0,0
11757649:14958755:14961357,16:00:00,16:00:00,102386,38,20491,,0,0,1
11757649:14958755:14961363,16:00:00,16:00:00,102386,38,20491,,0,0,1
11757649:14958755:14961357,16:04:00,16:04:00,102304,39,23930,,0,0,0
11757649:14958755:14961363,16:04:00,16:04:00,102304,39,23930,,0,0,0
11757649:14958755:14961357,16:04:00,16:04:00,102300,40,24149,,0,0,0
11757649:14958755:14961363,16:04:00,16:04:00,102300,40,24149,,0,0,0
11757649:14958755:14961357,16:05:00,16:05:00,102283,41,24536,,0,0,0
11757649:14958755:14961363,16:05:00,16:05:00,102283,41,24536,,0,0,0
11757649:14958755:14961357,16:05:00,16:05:00,102267,42,24862,,0,0,1
11757649:14958755:14961363,16:05:00,16:05:00,102267,42,24862,,0,0,1
11757649:14958755:14961357,16:08:00,16:08:00,102248,43,25808,,0,0,0
11757649:14958755:14961363,16:08:00,16:08:00,102248,43,25808,,0,0,0
11757649:14958755:14961357,16:10:00,16:10:00,102249,44,26473,,0,0,0
11757649:14958755:14961363,16:10:00,16:10:00,102249,44,26473,,0,0,0
11757649:14958755:14961357,16:12:00,16:12:00,102259,45,26869,,0,0,0
11757649:14958755:14961363,16:12:00,16:12:00,102259,45,26869,,0,0,0
11757649:14958755:14961357,16:13:00,16:13:00,100917,46,27275,,0,0,0
11757649:14958755:14961363,16:13:00,16:13:00,100917,46,27275,,0,0,0
11757649:14958755:14961357,16:14:00,16:14:00,102280,47,27574,,0,0,0
11757649:14958755:14961363,16:14:00,16:14:00,102280,47,27574,,0,0,0
11757649:14958755:14961357,16:15:00,16:15:00,102269,48,27913,,0,0,0
11757649:14958755:14961363,16:15:00,16:15:00,102269,48,27913,,0,0,0
11757649:14958755:14961357,16:17:00,16:17:00,102253,49,28459,,1,0,1
11757649:14958755:14961363,16:17:00,16:17:00,102253,49,28459,,1,0,1
12359123:14958787:14961367,19:27:00,19:27:00,102253,1,0,,0,0,1
12359123:14958787:14961367,19:28:00,19:28:00,102243,2,214,,0,0,0
12359123:14958787:14961367,19:30:00,19:30:00,102251,3,1130,,0,0,0
12359123:14958787:14961367,19:31:00,19:31:00,102257,4,1621,,0,0,0
12359123:14958787:14961367,19:32:00,19:32:00,102266,5,1926,,0,0,0
12359123:14958787:14961367,19:33:00,19:33:00,102279,6,2407,,0,0,1
12359123:14958787:14961367,19:33:00,19:33:00,102281,7,2634,,0,0,0
12359123:14958787:14961367,19:34:00,19:34:00,102284,8,2922,,0,0,0
12359123:14958787:14961367,19:34:00,19:34:00,102289,9,3498,,0,0,0
12359123:14958787:14961367,19:36:00,19:36:00,102298,10,4502,,0,0,0
12359123:14958787:14961367,19:36:00,19:36:00,102306,11,5020,,0,0,0
12359123:14958787:14961367,19:37:00,19:37:00,102341,12,5608,,0,0,0
12359123:14958787:14961367,19:37:00,19:37:00,102348,13,5890,,0,0,0
12359123:14958787:14961367,19:38:00,19:38:00,102363,14,6398,,0,0,0
12359123:14958787:14961367,19:39:00,19:39:00,102375,15,7195,,0,0,1
12359123:14958787:14961367,19:39:00,19:39:00,102377,16,7490,,0,0,0
12359123:14958787:14961367,19:40:00,19:40:00,102378,17,7956,,0,0,0
12359123:14958787:14961367,19:41:00,19:41:00,102380,18,8367,,0,0,0
12359123:14958787:14961367,19:41:00,19:41:00,102382,19,8692,,0,0,0
12359123:14958787:14961367,19:42:00,19:42:00,102391,20,8990,,0,0,0
12359123:14958787:14961367,19:42:00,19:42:00,102401,21,9225,,0,0,0
12359123:14958787:14961367,19:43:00,19:43:00,102396,22,9828,,0,0,0
12359123:14958787:14961367,19:43:00,19:43:00,102395,23,10033,,0,0,0
12359123:14958787:14961367,19:44:00,19:44:00,102388,24,10387,,0,0,0
12359123:14958787:14961367,19:45:00,19:45:00,102384,25,10864,,0,0,0
12359123:14958787:14961367,19:45:00,19:45:00,102383,26,11167,,0,0,0
12359123:14958787:14961367,19:46:00,19:46:00,102389,27,11635,,0,0,0
12359123:14958787:14961367,19:46:00,19:46:00,102399,28,11849,,0,0,0
12359123:14958787:14961367,19:47:00,19:47:00,102402,29,12020,,0,0,0
12359123:14958787:14961367,19:47:00,19:47:00,102412,30,12566,,0,0,0
12359123:14958787:14961367,19:48:00,19:48:00,102419,31,13125,,0,0,0
12359123:14958787:14961367,19:49:00,19:49:00,102425,32,13394,,0,0,0
12359123:14958787:14961367,19:49:00,19:49:00,102428,33,13572,,0,0,1
12359123:14958787:14961367,19:50:00,19:50:00,102424,34,13992,,0,0,0
12359123:14958787:14961367,19:50:00,19:50:00,102429,35,14386,,0,0,0
12359123:14958787:14961367,19:50:00,19:50:00,102431,36,14673,,0,0,0
12359123:14958787:14961367,19:51:00,19:51:00,102423,37,14993,,0,0,0
12359123:14958787:14961367,19:52:00,19:52:00,102415,38,15782,,0,0,0
12359123:14958787:14961367,19:52:00,19:52:00,102413,39,16154,,0,0,0
12359123:14958787:14961367,19:53:00,19:53:00,102409,40,16452,,0,0,0
12359123:14958787:14961367,19:53:00,19:53:00,102405,41,16887,,0,0,0
12359123:14958787:14961367,19:54:00,19:54:00,102400,42,17268,,0,0,0
12359123:14958787:14961367,19:54:00,19:54:00,102386,43,17579,,0,0,1
12359123:14958787:14961367,19:58:00,19:58:00,102304,44,21018,,0,0,0
12359123:14958787:14961367,19:58:00,19:58:00,102300,45,21237,,0,0,0
12359123:14958787:14961367,19:59:00,19:59:00,102283,46,21624,,0,0,0
12359123:14958787:14961367,19:59:00,19:59:00,102267,47,21950,,0,0,1
12359123:14958787:14961367,20:01:00,20:01:00,102248,48,22896,,0,0,0
12359123:14958787:14961367,20:03:00,20:03:00,102249,49,23561,,0,0,0
12359123:14958787:14961367,20:04:00,20:04:00,102259,50,23957,,0,0,0
12359123:14958787:14961367,20:05:00,20:05:00,100917,51,24363,,0,0,0
12359123:14958787:14961367,20:06:00,20:06:00,102280,52,24662,,0,0,0
12359123:14958787:14961367,20:07:00,20:07:00,102269,53,25001,,0,0,0
12359123:14958787:14961367,20:08:00,20:08:00,102253,54,25547,,1,0,1
11912200:14958826:14961418,17:27:00,17:27:00,102253,1,0,,0,0,1
11912200:14958826:14961501,17:27:00,17:27:00,102253,1,0,,0,0,1
11912200:14958826:14961418,17:28:00,17:28:00,102243,2,214,,0,0,0
11912200:14958826:14961501,17:28:00,17:28:00,102243,2,214,,0,0,0
11912200:14958826:14961418,17:30:00,17:30:00,102251,3,1130,,0,0,0
11912200:14958826:14961501,17:30:00,17:30:00,102251,3,1130,,0,0,0
11912200:14958826:14961418,17:31:00,17:31:00,102257,4,1621,,0,0,0
11912200:14958826:14961501,17:31:00,17:31:00,102257,4,1621,,0,0,0
11912200:14958826:14961418,17:32:00,17:32:00,102266,5,1926,,0,0,0
11912200:14958826:14961501,17:32:00,17:32:00,102266,5,1926,,0,0,0
11912200:14958826:14961418,17:33:00,17:33:00,102279,6,2407,,0,0,1
11912200:14958826:14961501,17:33:00,17:33:00,102279,6,2407,,0,0,1
11912200:14958826:14961418,17:33:00,17:33:00,102281,7,2634,,0,0,0
11912200:14958826:14961501,17:33:00,17:33:00,102281,7,2634,,0,0,0
11912200:14958826:14961418,17:34:00,17:34:00,102284,8,2922,,0,0,0
11912200:14958826:14961501,17:34:00,17:34:00,102284,8,2922,,0,0,0
11912200:14958826:14961418,17:34:00,17:34:00,102289,9,3498,,0,0,0
11912200:14958826:14961501,17:34:00,17:34:00,102289,9,3498,,0,0,0
11912200:14958826:14961418,17:36:00,17:36:00,102298,10,4502,,0,0,0
11912200:14958826:14961501,17:36:00,17:36:00,102298,10,4502,,0,0,0
11912200:14958826:14961418,17:36:00,17:36:00,102306,11,5020,,0,0,0
11912200:14958826:14961501,17:36:00,17:36:00,102306,11,5020,,0,0,0
11912200:14958826:14961418,17:37:00,17:37:00,102341,12,5608,,0,0,0
11912200:14958826:14961501,17:37:00,17:37:00,102341,12,5608,,0,0,0
11912200:14958826:14961418,17:37:00,17:37:00,102348,13,5890,,0,0,0
11912200:14958826:14961501,17:37:00,17:37:00,102348,13,5890,,0,0,0
11912200:14958826:14961418,17:38:00,17:38:00,102363,14,6398,,0,0,0
11912200:14958826:14961501,17:38:00,17:38:00,102363,14,6398,,0,0,0
11912200:14958826:14961418,17:39:00,17:39:00,102375,15,7195,,0,0,1
11912200:14958826:14961501,17:39:00,17:39:00,102375,15,7195,,0,0,1
11912200:14958826:14961418,17:39:00,17:39:00,102377,16,7490,,0,0,0
11912200:14958826:14961501,17:39:00,17:39:00,102377,16,7490,,0,0,0
11912200:14958826:14961418,17:40:00,17:40:00,102378,17,7956,,0,0,0
11912200:14958826:14961501,17:40:00,17:40:00,102378,17,7956,,0,0,0
11912200:14958826:14961418,17:41:00,17:41:00,102380,18,8367,,0,0,0
11912200:14958826:14961501,17:41:00,17:41:00,102380,18,8367,,0,0,0
11912200:14958826:14961418,17:41:00,17:41:00,102382,19,8692,,0,0,0
11912200:14958826:14961501,17:41:00,17:41:00,102382,19,8692,,0,0,0
11912200:14958826:14961418,17:42:00,17:42:00,102391,20,8990,,0,0,0
11912200:14958826:14961501,17:42:00,17:42:00,102391,20,8990,,0,0,0
11912200:14958826:14961418,17:42:00,17:42:00,102401,21,9225,,0,0,0
11912200:14958826:14961501,17:42:00,17:42:00,102401,21,9225,,0,0,0
11912200:14958826:14961418,17:43:00,17:43:00,102396,22,9828,,0,0,0
11912200:14958826:14961501,17:43:00,17:43:00,102396,22,9828,,0,0,0
11912200:14958826:14961418,17:43:00,17:43:00,102395,23,10033,,0,0,0
11912200:14958826:14961501,17:43:00,17:43:00,102395,23,10033,,0,0,0
11912200:14958826:14961418,17:44:00,17:44:00,102388,24,10387,,0,0,0
11912200:14958826:14961501,17:44:00,17:44:00,102388,24,10387,,0,0,0
11912200:14958826:14961418,17:45:00,17:45:00,102384,25,10864,,0,0,0
11912200:14958826:14961501,17:45:00,17:45:00,102384,25,10864,,0,0,0
11912200:14958826:14961418,17:45:00,17:45:00,102383,26,11167,,0,0,0
11912200:14958826:14961501,17:45:00,17:45:00,102383,26,11167,,0,0,0
11912200:14958826:14961418,17:46:00,17:46:00,102389,27,11635,,0,0,0
11912200:14958826:14961501,17:46:00,17:46:00,102389,27,11635,,0,0,0
11912200:14958826:14961418,17:46:00,17:46:00,102399,28,11849,,0,0,0
11912200:14958826:14961501,17:46:00,17:46:00,102399,28,11849,,0,0,0
11912200:14958826:14961418,17:47:00,17:47:00,102402,29,12020,,0,0,0
11912200:14958826:14961501,17:47:00,17:47:00,102402,29,12020,,0,0,0
11912200:14958826:14961418,17:47:00,17:47:00,102412,30,12566,,0,0,0
11912200:14958826:14961501,17:47:00,17:47:00,102412,30,12566,,0,0,0
11912200:14958826:14961418,17:48:00,17:48:00,102419,31,13125,,0,0,0
11912200:14958826:14961501,17:48:00,17:48:00,102419,31,13125,,0,0,0
11912200:14958826:14961418,17:49:00,17:49:00,102425,32,13394,,0,0,0
11912200:14958826:14961501,17:49:00,17:49:00,102425,32,13394,,0,0,0
11912200:14958826:14961418,17:49:00,17:49:00,102428,33,13572,,0,0,1
11912200:14958826:14961501,17:49:00,17:49:00,102428,33,13572,,0,0,1
11912200:14958826:14961418,17:50:00,17:50:00,102424,34,13992,,0,0,0
11912200:14958826:14961501,17:50:00,17:50:00,102424,34,13992,,0,0,0
11912200:14958826:14961418,17:50:00,17:50:00,102429,35,14386,,0,0,0
11912200:14958826:14961501,17:50:00,17:50:00,102429,35,14386,,0,0,0
11912200:14958826:14961418,17:50:00,17:50:00,102431,36,14673,,0,0,0
11912200:14958826:14961501,17:50:00,17:50:00,102431,36,14673,,0,0,0
11912200:14958826:14961418,17:51:00,17:51:00,102423,37,14993,,0,0,0
11912200:14958826:14961501,17:51:00,17:51:00,102423,37,14993,,0,0,0
11912200:14958826:14961418,17:52:00,17:52:00,102415,38,15782,,0,0,0
11912200:14958826:14961501,17:52:00,17:52:00,102415,38,15782,,0,0,0
11912200:14958826:14961418,17:52:00,17:52:00,102413,39,16154,,0,0,0
11912200:14958826:14961501,17:52:00,17:52:00,102413,39,16154,,0,0,0
11912200:14958826:14961418,17:53:00,17:53:00,102409,40,16452,,0,0,0
11912200:14958826:14961501,17:53:00,17:53:00,102409,40,16452,,0,0,0
11912200:14958826:14961418,17:53:00,17:53:00,102405,41,16887,,0,0,0
11912200:14958826:14961501,17:53:00,17:53:00,102405,41,16887,,0,0,0
11912200:14958826:14961418,17:54:00,17:54:00,102400,42,17268,,0,0,0
11912200:14958826:14961501,17:54:00,17:54:00,102400,42,17268,,0,0,0
11912200:14958826:14961418,17:54:00,17:54:00,102386,43,17579,,0,0,1
11912200:14958826:14961501,17:54:00,17:54:00,102386,43,17579,,0,0,1
11912200:14958826:14961418,17:58:00,17:58:00,102304,44,21018,,0,0,0
11912200:14958826:14961501,17:58:00,17:58:00,102304,44,21018,,0,0,0
11912200:14958826:14961418,17:58:00,17:58:00,102300,45,21237,,0,0,0
11912200:14958826:14961501,17:58:00,17:58:00,102300,45,21237,,0,0,0
11912200:14958826:14961418,17:59:00,17:59:00,102283,46,21624,,0,0,0
11912200:14958826:14961501,17:59:00,17:59:00,102283,46,21624,,0,0,0
11912200:14958826:14961418,17:59:00,17:59:00,102267,47,21950,,0,0,1
11912200:14958826:14961501,17:59:00,17:59:00,102267,47,21950,,0,0,1
11912200:14958826:14961418,18:02:00,18:02:00,102248,48,22896,,0,0,0
11912200:14958826:14961501,18:02:00,18:02:00,102248,48,22896,,0,0,0
11912200:14958826:14961418,18:04:00,18:04:00,102249,49,23561,,0,0,0
11912200:14958826:14961501,18:04:00,18:04:00,102249,49,23561,,0,0,0
11912200:14958826:14961418,18:05:00,18:05:00,102259,50,23957,,0,0,0
11912200:14958826:14961501,18:05:00,18:05:00,102259,50,23957,,0,0,0
11912200:14958826:14961418,18:06:00,18:06:00,100917,51,24363,,0,0,0
11912200:14958826:14961501,18:06:00,18:06:00,100917,51,24363,,0,0,0
11912200:14958826:14961418,18:07:00,18:07:00,102280,52,24662,,0,0,0
11912200:14958826:14961501,18:07:00,18:07:00,102280,52,24662,,0,0,0
11912200:14958826:14961418,18:07:00,18:07:00,102269,53,25001,,0,0,0
11912200:14958826:14961501,18:07:00,18:07:00,102269,53,25001,,0,0,0
11912200:14958826:14961418,18:09:00,18:09:00,102253,54,25547,,1,0,1
11912200:14958826:14961501,18:09:00,18:09:00,102253,54,25547,,1,0,1
12334090:14958831:14961538,17:40:00,17:40:00,102253,1,0,,0,0,1
12334090:14958831:14961538,17:41:00,17:41:00,102243,2,214,,0,0,0
12334090:14958831:14961538,17:43:00,17:43:00,102251,3,1130,,0,0,0
12334090:14958831:14961538,17:44:00,17:44:00,102257,4,1621,,0,0,0
12334090:14958831:14961538,17:45:00,17:45:00,102266,5,1926,,0,0,0
12334090:14958831:14961538,17:46:00,17:46:00,102279,6,2407,,0,0,1
12334090:14958831:14961538,17:46:00,17:46:00,102281,7,2634,,0,0,0
12334090:14958831:14961538,17:47:00,17:47:00,102284,8,2922,,0,0,0
12334090:14958831:14961538,17:47:00,17:47:00,102289,9,3498,,0,0,0
12334090:14958831:14961538,17:49:00,17:49:00,102298,10,4502,,0,0,0
12334090:14958831:14961538,17:49:00,17:49:00,102306,11,5020,,0,0,0
12334090:14958831:14961538,17:50:00,17:50:00,102341,12,5608,,0,0,0
12334090:14958831:14961538,17:50:00,17:50:00,102348,13,5890,,0,0,0
12334090:14958831:14961538,17:51:00,17:51:00,102363,14,6398,,0,0,0
12334090:14958831:14961538,17:52:00,17:52:00,102375,15,7195,,0,0,1
12334090:14958831:14961538,17:52:00,17:52:00,102377,16,7490,,0,0,0
12334090:14958831:14961538,17:53:00,17:53:00,102378,17,7956,,0,0,0
12334090:14958831:14961538,17:54:00,17:54:00,102380,18,8367,,0,0,0
12334090:14958831:14961538,17:54:00,17:54:00,102382,19,8692,,0,0,0
12334090:14958831:14961538,17:55:00,17:55:00,102391,20,8990,,0,0,0
12334090:14958831:14961538,17:55:00,17:55:00,102401,21,9225,,0,0,0
12334090:14958831:14961538,17:56:00,17:56:00,102396,22,9828,,0,0,0
12334090:14958831:14961538,17:56:00,17:56:00,102395,23,10033,,0,0,0
12334090:14958831:14961538,17:57:00,17:57:00,102388,24,10387,,0,0,0
12334090:14958831:14961538,17:58:00,17:58:00,102384,25,10864,,0,0,0
12334090:14958831:14961538,17:58:00,17:58:00,102383,26,11167,,0,0,0
12334090:14958831:14961538,17:59:00,17:59:00,102389,27,11635,,0,0,0
12334090:14958831:14961538,17:59:00,17:59:00,102399,28,11849,,0,0,0
12334090:14958831:14961538,18:00:00,18:00:00,102402,29,12020,,0,0,0
12334090:14958831:14961538,18:00:00,18:00:00,102412,30,12566,,0,0,0
12334090:14958831:14961538,18:01:00,18:01:00,102419,31,13125,,0,0,0
12334090:14958831:14961538,18:02:00,18:02:00,102425,32,13394,,0,0,0
12334090:14958831:14961538,18:02:00,18:02:00,102428,33,13572,,0,0,1
12334090:14958831:14961538,18:03:00,18:03:00,102424,34,13992,,0,0,0
12334090:14958831:14961538,18:03:00,18:03:00,102429,35,14386,,0,0,0
12334090:14958831:14961538,18:03:00,18:03:00,102431,36,14673,,0,0,0
12334090:14958831:14961538,18:04:00,18:04:00,102423,37,14993,,0,0,0
12334090:14958831:14961538,18:05:00,18:05:00,102415,38,15782,,0,0,0
12334090:14958831:14961538,18:05:00,18:05:00,102413,39,16154,,0,0,0
12334090:14958831:14961538,18:06:00,18:06:00,102409,40,16452,,0,0,0
12334090:14958831:14961538,18:06:00,18:06:00,102405,41,16887,,0,0,0
12334090:14958831:14961538,18:07:00,18:07:00,102400,42,17268,,0,0,0
12334090:14958831:14961538,18:07:00,18:07:00,102386,43,17579,,0,0,1
12334090:14958831:14961538,18:11:00,18:11:00,102304,44,21018,,0,0,0
12334090:14958831:14961538,18:11:00,18:11:00,102300,45,21237,,0,0,0
12334090:14958831:14961538,18:12:00,18:12:00,102283,46,21624,,0,0,0
12334090:14958831:14961538,18:12:00,18:12:00,102267,47,21950,,0,0,1
12334090:14958831:14961538,18:15:00,18:15:00,102248,48,22896,,0,0,0
12334090:14958831:14961538,18:17:00,18:17:00,102249,49,23561,,0,0,0
12334090:14958831:14961538,18:18:00,18:18:00,102259,50,23957,,0,0,0
12334090:14958831:14961538,18:19:00,18:19:00,100917,51,24363,,0,0,0
12334090:14958831:14961538,18:20:00,18:20:00,102280,52,24662,,0,0,0
12334090:14958831:14961538,18:20:00,18:20:00,102269,53,25001,,0,0,0
12334090:14958831:14961538,18:22:00,18:22:00,102253,54,25547,,1,0,1
11757581:14958857:14961475,06:30:00,06:30:00,102253,1,0,,0,0,1
11757581:14958857:14961514,06:30:00,06:30:00,102253,1,0,,0,0,1
11757581:14958857:14961475,06:31:00,06:31:00,102243,2,214,,0,0,0
11757581:14958857:14961514,06:31:00,06:31:00,102243,2,214,,0,0,0
11757581:14958857:14961475,06:33:00,06:33:00,102251,3,1130,,0,0,0
11757581:14958857:14961514,06:33:00,06:33:00,102251,3,1130,,0,0,0
11757581:14958857:14961475,06:34:00,06:34:00,102257,4,1621,,0,0,0
11757581:14958857:14961514,06:34:00,06:34:00,102257,4,1621,,0,0,0
11757581:14958857:14961475,06:35:00,06:35:00,102266,5,1926,,0,0,0
11757581:14958857:14961514,06:35:00,06:35:00,102266,5,1926,,0,0,0
11757581:14958857:14961475,06:36:00,06:36:00,102279,6,2407,,0,0,1
11757581:14958857:14961514,06:36:00,06:36:00,102279,6,2407,,0,0,1
11757581:14958857:14961475,06:36:00,06:36:00,102281,7,2634,,0,0,0
11757581:14958857:14961514,06:36:00,06:36:00,102281,7,2634,,0,0,0
11757581:14958857:14961475,06:37:00,06:37:00,102284,8,2922,,0,0,0
11757581:14958857:14961514,06:37:00,06:37:00,102284,8,2922,,0,0,0
11757581:14958857:14961475,06:37:00,06:37:00,102289,9,3498,,0,0,0
11757581:14958857:14961514,06:37:00,06:37:00,102289,9,3498,,0,0,0
11757581:14958857:14961475,06:39:00,06:39:00,102298,10,4502,,0,0,0
11757581:14958857:14961514,06:39:00,06:39:00,102298,10,4502,,0,0,0
11757581:14958857:14961475,06:39:00,06:39:00,102306,11,5020,,0,0,0
11757581:14958857:14961514,06:39:00,06:39:00,102306,11,5020,,0,0,0
11757581:14958857:14961475,06:40:00,06:40:00,102341,12,5608,,0,0,0
11757581:14958857:14961514,06:40:00,06:40:00,102341,12,5608,,0,0,0
11757581:14958857:14961475,06:40:00,06:40:00,102348,13,5890,,0,0,0
11757581:14958857:14961514,06:40:00,06:40:00,102348,13,5890,,0,0,0
11757581:14958857:14961475,06:41:00,06:41:00,102363,14,6398,,0,0,0
11757581:14958857:14961514,06:41:00,06:41:00,102363,14,6398,,0,0,0
11757581:14958857:14961475,06:42:00,06:42:00,102375,15,7195,,0,0,1
11757581:14958857:14961514,06:42:00,06:42:00,102375,15,7195,,0,0,1
11757581:14958857:14961475,06:42:00,06:42:00,102377,16,7490,,0,0,0
11757581:14958857:14961514,06:42:00,06:42:00,102377,16,7490,,0,0,0
11757581:14958857:14961475,06:43:00,06:43:00,102378,17,7956,,0,0,0
11757581:14958857:14961514,06:43:00,06:43:00,102378,17,7956,,0,0,0
11757581:14958857:14961475,06:44:00,06:44:00,102380,18,8367,,0,0,0
11757581:14958857:14961514,06:44:00,06:44:00,102380,18,8367,,0,0,0
11757581:14958857:14961475,06:44:00,06:44:00,102382,19,8692,,0,0,0
11757581:14958857:14961514,06:44:00,06:44:00,102382,19,8692,,0,0,0
11757581:14958857:14961475,06:45:00,06:45:00,102391,20,8990,,0,0,0
11757581:14958857:14961514,06:45:00,06:45:00,102391,20,8990,,0,0,0
11757581:14958857:14961475,06:45:00,06:45:00,102401,21,9225,,0,0,0
11757581:14958857:14961514,06:45:00,06:45:00,102401,21,9225,,0,0,0
11757581:14958857:14961475,06:46:00,06:46:00,102396,22,9828,,0,0,0
11757581:14958857:14961514,06:46:00,06:46:00,102396,22,9828,,0,0,0
11757581:14958857:14961475,06:47:00,06:47:00,102395,23,10033,,0,0,0
11757581:14958857:14961514,06:47:00,06:47:00,102395,23,10033,,0,0,0
11757581:14958857:14961475,06:47:00,06:47:00,102388,24,10387,,0,0,0
11757581:14958857:14961514,06:47:00,06:47:00,102388,24,10387,,0,0,0
11757581:14958857:14961475,06:48:00,06:48:00,102384,25,10864,,0,0,0
11757581:14958857:14961514,06:48:00,06:48:00,102384,25,10864,,0,0,0
11757581:14958857:14961475,06:48:00,06:48:00,102383,26,11167,,0,0,0
11757581:14958857:14961514,06:48:00,06:48:00,102383,26,11167,,0,0,0
11757581:14958857:14961475,06:49:00,06:49:00,102765,27,11650,,0,0,0
11757581:14958857:14961514,06:49:00,06:49:00,102765,27,11650,,0,0,0
11757581:14958857:14961475,06:57:00,06:57:00,102428,28,16484,,0,0,1
11757581:14958857:14961514,06:57:00,06:57:00,102428,28,16484,,0,0,1
11757581:14958857:14961475,06:58:00,06:58:00,102424,29,16904,,0,0,0
11757581:14958857:14961514,06:58:00,06:58:00,102424,29,16904,,0,0,0
11757581:14958857:14961475,06:58:00,06:58:00,102429,30,17298,,0,0,0
11757581:14958857:14961514,06:58:00,06:58:00,102429,30,17298,,0,0,0
11757581:14958857:14961475,06:58:00,06:58:00,102431,31,17585,,0,0,0
11757581:14958857:14961514,06:58:00,06:58:00,102431,31,17585,,0,0,0
11757581:14958857:14961475,06:59:00,06:59:00,102423,32,17905,,0,0,0
11757581:14958857:14961514,06:59:00,06:59:00,102423,32,17905,,0,0,0
11757581:14958857:14961475,07:00:00,07:00:00,102415,33,18694,,0,0,0
11757581:14958857:14961514,07:00:00,07:00:00,102415,33,18694,,0,0,0
11757581:14958857:14961475,07:00:00,07:00:00,102413,34,19066,,0,0,0
11757581:14958857:14961514,07:00:00,07:00:00,102413,34,19066,,0,0,0
11757581:14958857:14961475,07:01:00,07:01:00,102409,35,19364,,0,0,0
11757581:14958857:14961514,07:01:00,07:01:00,102409,35,19364,,0,0,0
11757581:14958857:14961475,07:01:00,07:01:00,102405,36,19799,,0,0,0
11757581:14958857:14961514,07:01:00,07:01:00,102405,36,19799,,0,0,0
11757581:14958857:14961475,07:02:00,07:02:00,102400,37,20180,,0,0,0
11757581:14958857:14961514,07:02:00,07:02:00,102400,37,20180,,0,0,0
11757581:14958857:14961475,07:02:00,07:02:00,102386,38,20491,,0,0,1
11757581:14958857:14961514,07:02:00,07:02:00,102386,38,20491,,0,0,1
11757581:14958857:14961475,07:06:00,07:06:00,102304,39,23930,,0,0,0
11757581:14958857:14961514,07:06:00,07:06:00,102304,39,23930,,0,0,0
11757581:14958857:14961475,07:06:00,07:06:00,102300,40,24149,,0,0,0
11757581:14958857:14961514,07:06:00,07:06:00,102300,40,24149,,0,0,0
11757581:14958857:14961475,07:07:00,07:07:00,102283,41,24536,,0,0,0
11757581:14958857:14961514,07:07:00,07:07:00,102283,41,24536,,0,0,0
11757581:14958857:14961475,07:07:00,07:07:00,102267,42,24862,,0,0,1
11757581:14958857:14961514,07:07:00,07:07:00,102267,42,24862,,0,0,1
11757581:14958857:14961475,07:10:00,07:10:00,102248,43,25808,,0,0,0
11757581:14958857:14961514,07:10:00,07:10:00,102248,43,25808,,0,0,0
11757581:14958857:14961475,07:12:00,07:12:00,102249,44,26473,,0,0,0
11757581:14958857:14961514,07:12:00,07:12:00,102249,44,26473,,0,0,0
11757581:14958857:14961475,07:13:00,07:13:00,102259,45,26869,,0,0,0
11757581:14958857:14961514,07:13:00,07:13:00,102259,45,26869,,0,0,0
11757581:14958857:14961475,07:14:00,07:14:00,100917,46,27275,,0,0,0
11757581:14958857:14961514,07:14:00,07:14:00,100917,46,27275,,0,0,0
11757581:14958857:14961475,07:15:00,07:15:00,102280,47,27574,,0,0,0
11757581:14958857:14961514,07:15:00,07:15:00,102280,47,27574,,0,0,0
11757581:14958857:14961475,07:15:00,07:15:00,102269,48,27913,,0,0,0
11757581:14958857:14961514,07:15:00,07:15:00,102269,48,27913,,0,0,0
11757581:14958857:14961475,07:17:00,07:17:00,102253,49,28459,,1,0,1
11757581:14958857:14961514,07:17:00,07:17:00,102253,49,28459,,1,0,1
12339446:14958864:14961371,14:40:00,14:40:00,102253,1,0,,0,0,1
12339446:14958864:14961371,14:41:00,14:41:00,102243,2,214,,0,0,0
12339446:14958864:14961371,14:43:00,14:43:00,102251,3,1130,,0,0,0
12339446:14958864:14961371,14:45:00,14:45:00,102257,4,1621,,0,0,0
12339446:14958864:14961371,14:46:00,14:46:00,102266,5,1926,,0,0,0
12339446:14958864:14961371,14:47:00,14:47:00,102279,6,2407,,0,0,1
12339446:14958864:14961371,14:47:00,14:47:00,102281,7,2634,,0,0,0
12339446:14958864:14961371,14:48:00,14:48:00,102284,8,2922,,0,0,0
12339446:14958864:14961371,14:48:00,14:48:00,102289,9,3498,,0,0,0
12339446:14958864:14961371,14:50:00,14:50:00,102298,10,4502,,0,0,0
12339446:14958864:14961371,14:50:00,14:50:00,102306,11,5020,,0,0,0
12339446:14958864:14961371,14:51:00,14:51:00,102341,12,5608,,0,0,0
12339446:14958864:14961371,14:51:00,14:51:00,102348,13,5890,,0,0,0
12339446:14958864:14961371,14:52:00,14:52:00,102363,14,6398,,0,0,0
12339446:14958864:14961371,14:53:00,14:53:00,102375,15,7195,,0,0,1
12339446:14958864:14961371,14:53:00,14:53:00,102377,16,7490,,0,0,0
12339446:14958864:14961371,14:54:00,14:54:00,102378,17,7956,,0,0,0
12339446:14958864:14961371,14:55:00,14:55:00,102380,18,8367,,0,0,0
12339446:14958864:14961371,14:55:00,14:55:00,102382,19,8692,,0,0,0
12339446:14958864:14961371,14:56:00,14:56:00,102391,20,8990,,0,0,0
12339446:14958864:14961371,14:56:00,14:56:00,102401,21,9225,,0,0,0
12339446:14958864:14961371,14:57:00,14:57:00,102396,22,9828,,0,0,0
12339446:14958864:14961371,14:57:00,14:57:00,102395,23,10033,,0,0,0
12339446:14958864:14961371,14:58:00,14:58:00,102388,24,10387,,0,0,0
12339446:14958864:14961371,14:59:00,14:59:00,102384,25,10864,,0,0,0
12339446:14958864:14961371,14:59:00,14:59:00,102383,26,11167,,0,0,0
12339446:14958864:14961371,15:00:00,15:00:00,102389,27,11635,,0,0,0
12339446:14958864:14961371,15:00:00,15:00:00,102399,28,11849,,0,0,0
12339446:14958864:14961371,15:01:00,15:01:00,102402,29,12020,,0,0,0
12339446:14958864:14961371,15:01:00,15:01:00,102412,30,12566,,0,0,0
12339446:14958864:14961371,15:02:00,15:02:00,102419,31,13125,,0,0,0
12339446:14958864:14961371,15:03:00,15:03:00,102425,32,13394,,0,0,0
12339446:14958864:14961371,15:03:00,15:03:00,102428,33,13572,,0,0,1
12339446:14958864:14961371,15:04:00,15:04:00,102424,34,13992,,0,0,0
12339446:14958864:14961371,15:04:00,15:04:00,102429,35,14386,,0,0,0
12339446:14958864:14961371,15:04:00,15:04:00,102431,36,14673,,0,0,0
12339446:14958864:14961371,15:05:00,15:05:00,102423,37,14993,,0,0,0
12339446:14958864:14961371,15:06:00,15:06:00,102415,38,15782,,0,0,0
12339446:14958864:14961371,15:06:00,15:06:00,102413,39,16154,,0,0,0
12339446:14958864:14961371,15:07:00,15:07:00,102409,40,16452,,0,0,0
12339446:14958864:14961371,15:07:00,15:07:00,102405,41,16887,,0,0,0
12339446:14958864:14961371,15:08:00,15:08:00,102400,42,17268,,0,0,0
12339446:14958864:14961371,15:08:00,15:08:00,102386,43,17579,,0,0,1
12339446:14958864:14961371,15:12:00,15:12:00,102304,44,21018,,0,0,0
12339446:14958864:14961371,15:12:00,15:12:00,102300,45,21237,,0,0,0
12339446:14958864:14961371,15:13:00,15:13:00,102283,46,21624,,0,0,0
12339446:14958864:14961371,15:13:00,15:13:00,102267,47,21950,,0,0,1
12339446:14958864:14961371,15:16:00,15:16:00,102248,48,22896,,0,0,0
12339446:14958864:14961371,15:18:00,15:18:00,102249,49,23561,,0,0,0
12339446:14958864:14961371,15:19:00,15:19:00,102259,50,23957,,0,0,0
12339446:14958864:14961371,15:20:00,15:20:00,100917,51,24363,,0,0,0
12339446:14958864:14961371,15:21:00,15:21:00,102280,52,24662,,0,0,0
12339446:14958864:14961371,15:22:00,15:22:00,102269,53,25001,,0,0,0
12339446:14958864:14961371,15:24:00,15:24:00,102253,54,25547,,1,0,1
12359016:14958867:14961407,06:30:00,06:30:00,102253,1,0,,0,0,1
12359016:14958867:14961407,06:31:00,06:31:00,102243,2,214,,0,0,0
12359016:14958867:14961407,06:33:00,06:33:00,102251,3,1130,,0,0,0
12359016:14958867:14961407,06:34:00,06:34:00,102257,4,1621,,0,0,0
12359016:14958867:14961407,06:35:00,06:35:00,102266,5,1926,,0,0,0
12359016:14958867:14961407,06:36:00,06:36:00,102279,6,2407,,0,0,1
12359016:14958867:14961407,06:36:00,06:36:00,102281,7,2634,,0,0,0
12359016:14958867:14961407,06:37:00,06:37:00,102284,8,2922,,0,0,0
12359016:14958867:14961407,06:37:00,06:37:00,102289,9,3498,,0,0,0
12359016:14958867:14961407,06:39:00,06:39:00,102298,10,4502,,0,0,0
12359016:14958867:14961407,06:39:00,06:39:00,102306,11,5020,,0,0,0
12359016:14958867:14961407,06:40:00,06:40:00,102341,12,5608,,0,0,0
12359016:14958867:14961407,06:40:00,06:40:00,102348,13,5890,,0,0,0
12359016:14958867:14961407,06:41:00,06:41:00,102363,14,6398,,0,0,0
12359016:14958867:14961407,06:42:00,06:42:00,102375,15,7195,,0,0,1
12359016:14958867:14961407,06:42:00,06:42:00,102377,16,7490,,0,0,0
12359016:14958867:14961407,06:43:00,06:43:00,102378,17,7956,,0,0,0
12359016:14958867:14961407,06:44:00,06:44:00,102380,18,8367,,0,0,0
12359016:14958867:14961407,06:44:00,06:44:00,102382,19,8692,,0,0,0
12359016:14958867:14961407,06:45:00,06:45:00,102391,20,8990,,0,0,0
12359016:14958867:14961407,06:45:00,06:45:00,102401,21,9225,,0,0,0
12359016:14958867:14961407,06:46:00,06:46:00,102396,22,9828,,0,0,0
12359016:14958867:14961407,06:46:00,06:46:00,102395,23,10033,,0,0,0
12359016:14958867:14961407,06:47:00,06:47:00,102388,24,10387,,0,0,0
12359016:14958867:14961407,06:48:00,06:48:00,102384,25,10864,,0,0,0
12359016:14958867:14961407,06:48:00,06:48:00,102383,26,11167,,0,0,0
12359016:14958867:14961407,06:49:00,06:49:00,102389,27,11635,,0,0,0
12359016:14958867:14961407,06:49:00,06:49:00,102399,28,11849,,0,0,0
12359016:14958867:14961407,06:50:00,06:50:00,102402,29,12020,,0,0,0
12359016:14958867:14961407,06:50:00,06:50:00,102412,30,12566,,0,0,0
12359016:14958867:14961407,06:51:00,06:51:00,102419,31,13125,,0,0,0
12359016:14958867:14961407,06:52:00,06:52:00,102425,32,13394,,0,0,0
12359016:14958867:14961407,06:52:00,06:52:00,102428,33,13572,,0,0,1
12359016:14958867:14961407,06:53:00,06:53:00,102424,34,13992,,0,0,0
12359016:14958867:14961407,06:53:00,06:53:00,102429,35,14386,,0,0,0
12359016:14958867:14961407,06:53:00,06:53:00,102431,36,14673,,0,0,0
12359016:14958867:14961407,06:54:00,06:54:00,102423,37,14993,,0,0,0
12359016:14958867:14961407,06:55:00,06:55:00,102415,38,15782,,0,0,0
12359016:14958867:14961407,06:55:00,06:55:00,102413,39,16154,,0,0,0
12359016:14958867:14961407,06:56:00,06:56:00,102409,40,16452,,0,0,0
12359016:14958867:14961407,06:56:00,06:56:00,102405,41,16887,,0,0,0
12359016:14958867:14961407,06:57:00,06:57:00,102400,42,17268,,0,0,0
12359016:14958867:14961407,06:57:00,06:57:00,102386,43,17579,,0,0,1
12359016:14958867:14961407,07:01:00,07:01:00,102304,44,21018,,0,0,0
12359016:14958867:14961407,07:01:00,07:01:00,102300,45,21237,,0,0,0
12359016:14958867:14961407,07:02:00,07:02:00,102283,46,21624,,0,0,0
12359016:14958867:14961407,07:02:00,07:02:00,102267,47,21950,,0,0,1
12359016:14958867:14961407,07:05:00,07:05:00,102248,48,22896,,0,0,0
12359016:14958867:14961407,07:07:00,07:07:00,102249,49,23561,,0,0,0
12359016:14958867:14961407,07:08:00,07:08:00,102259,50,23957,,0,0,0
12359016:14958867:14961407,07:09:00,07:09:00,100917,51,24363,,0,0,0
12359016:14958867:14961407,07:10:00,07:10:00,102280,52,24662,,0,0,0
12359016:14958867:14961407,07:10:00,07:10:00,102269,53,25001,,0,0,0
12359016:14958867:14961407,07:12:00,07:12:00,102253,54,25547,,1,0,1
12339444:14959063:14961399,08:35:00,08:35:00,102253,1,0,,0,0,1
12339444:14959063:14961399,08:36:00,08:36:00,102243,2,214,,0,0,0
12339444:14959063:14961399,08:38:00,08:38:00,102251,3,1130,,0,0,0
12339444:14959063:14961399,08:39:00,08:39:00,102257,4,1621,,0,0,0
12339444:14959063:14961399,08:40:00,08:40:00,102266,5,1926,,0,0,0
12339444:14959063:14961399,08:41:00,08:41:00,102279,6,2407,,0,0,1
12339444:14959063:14961399,08:41:00,08:41:00,102281,7,2634,,0,0,0
12339444:14959063:14961399,08:42:00,08:42:00,102284,8,2922,,0,0,0
12339444:14959063:14961399,08:42:00,08:42:00,102289,9,3498,,0,0,0
12339444:14959063:14961399,08:44:00,08:44:00,102298,10,4502,,0,0,0
12339444:14959063:14961399,08:44:00,08:44:00,102306,11,5020,,0,0,0
12339444:14959063:14961399,08:45:00,08:45:00,102341,12,5608,,0,0,0
12339444:14959063:14961399,08:45:00,08:45:00,102348,13,5890,,0,0,0
12339444:14959063:14961399,08:46:00,08:46:00,102363,14,6398,,0,0,0
12339444:14959063:14961399,08:47:00,08:47:00,102375,15,7195,,0,0,1
12339444:14959063:14961399,08:47:00,08:47:00,102377,16,7490,,0,0,0
12339444:14959063:14961399,08:48:00,08:48:00,102378,17,7956,,0,0,0
12339444:14959063:14961399,08:49:00,08:49:00,102380,18,8367,,0,0,0
12339444:14959063:14961399,08:49:00,08:49:00,102382,19,8692,,0,0,0
12339444:14959063:14961399,08:50:00,08:50:00,102391,20,8990,,0,0,0
12339444:14959063:14961399,08:50:00,08:50:00,102401,21,9225,,0,0,0
12339444:14959063:14961399,08:51:00,08:51:00,102396,22,9828,,0,0,0
12339444:14959063:14961399,08:51:00,08:51:00,102395,23,10033,,0,0,0
12339444:14959063:14961399,08:52:00,08:52:00,102388,24,10387,,0,0,0
12339444:14959063:14961399,08:53:00,08:53:00,102384,25,10864,,0,0,0
12339444:14959063:14961399,08:53:00,08:53:00,102383,26,11167,,0,0,0
12339444:14959063:14961399,08:54:00,08:54:00,102389,27,11635,,0,0,0
12339444:14959063:14961399,08:54:00,08:54:00,102399,28,11849,,0,0,0
12339444:14959063:14961399,08:55:00,08:55:00,102402,29,12020,,0,0,0
12339444:14959063:14961399,08:55:00,08:55:00,102412,30,12566,,0,0,0
12339444:14959063:14961399,08:56:00,08:56:00,102419,31,13125,,0,0,0
12339444:14959063:14961399,08:57:00,08:57:00,102425,32,13394,,0,0,0
12339444:14959063:14961399,08:57:00,08:57:00,102428,33,13572,,0,0,1
12339444:14959063:14961399,08:58:00,08:58:00,102424,34,13992,,0,0,0
12339444:14959063:14961399,08:58:00,08:58:00,102429,35,14386,,0,0,0
12339444:14959063:14961399,08:58:00,08:58:00,102431,36,14673,,0,0,0
12339444:14959063:14961399,08:59:00,08:59:00,102423,37,14993,,0,0,0
12339444:14959063:14961399,09:00:00,09:00:00,102415,38,15782,,0,0,0
12339444:14959063:14961399,09:00:00,09:00:00,102413,39,16154,,0,0,0
12339444:14959063:14961399,09:01:00,09:01:00,102409,40,16452,,0,0,0
12339444:14959063:14961399,09:01:00,09:01:00,102405,41,16887,,0,0,0
12339444:14959063:14961399,09:02:00,09:02:00,102400,42,17268,,0,0,0
12339444:14959063:14961399,09:02:00,09:02:00,102386,43,17579,,0,0,1
12339444:14959063:14961399,09:06:00,09:06:00,102304,44,21018,,0,0,0
12339444:14959063:14961399,09:06:00,09:06:00,102300,45,21237,,0,0,0
12339444:14959063:14961399,09:07:00,09:07:00,102283,46,21624,,0,0,0
12339444:14959063:14961399,09:07:00,09:07:00,102267,47,21950,,0,0,1
12339444:14959063:14961399,09:10:00,09:10:00,102248,48,22896,,0,0,0
12339444:14959063:14961399,09:12:00,09:12:00,102249,49,23561,,0,0,0
12339444:14959063:14961399,09:13:00,09:13:00,102259,50,23957,,0,0,0
12339444:14959063:14961399,09:14:00,09:14:00,100917,51,24363,,0,0,0
12339444:14959063:14961399,09:15:00,09:15:00,102280,52,24662,,0,0,0
12339444:14959063:14961399,09:15:00,09:15:00,102269,53,25001,,0,0,0
12339444:14959063:14961399,09:17:00,09:17:00,102253,54,25547,,1,0,1
11912183:14959143:14961415,15:27:00,15:27:00,102253,1,0,,0,0,1
11912183:14959143:14961456,15:27:00,15:27:00,102253,1,0,,0,0,1
11912183:14959143:14961415,15:28:00,15:28:00,102243,2,214,,0,0,0
11912183:14959143:14961456,15:28:00,15:28:00,102243,2,214,,0,0,0
11912183:14959143:14961415,15:30:00,15:30:00,102251,3,1130,,0,0,0
11912183:14959143:14961456,15:30:00,15:30:00,102251,3,1130,,0,0,0
11912183:14959143:14961415,15:31:00,15:31:00,102257,4,1621,,0,0,0
11912183:14959143:14961456,15:31:00,15:31:00,102257,4,1621,,0,0,0
11912183:14959143:14961415,15:32:00,15:32:00,102266,5,1926,,0,0,0
11912183:14959143:14961456,15:32:00,15:32:00,102266,5,1926,,0,0,0
11912183:14959143:14961415,15:33:00,15:33:00,102279,6,2407,,0,0,1
11912183:14959143:14961456,15:33:00,15:33:00,102279,6,2407,,0,0,1
11912183:14959143:14961415,15:33:00,15:33:00,102281,7,2634,,0,0,0
11912183:14959143:14961456,15:33:00,15:33:00,102281,7,2634,,0,0,0
11912183:14959143:14961415,15:34:00,15:34:00,102284,8,2922,,0,0,0
11912183:14959143:14961456,15:34:00,15:34:00,102284,8,2922,,0,0,0
11912183:14959143:14961415,15:35:00,15:35:00,102289,9,3498,,0,0,0
11912183:14959143:14961456,15:35:00,15:35:00,102289,9,3498,,0,0,0
11912183:14959143:14961415,15:36:00,15:36:00,102298,10,4502,,0,0,0
11912183:14959143:14961456,15:36:00,15:36:00,102298,10,4502,,0,0,0
11912183:14959143:14961415,15:37:00,15:37:00,102306,11,5020,,0,0,0
11912183:14959143:14961456,15:37:00,15:37:00,102306,11,5020,,0,0,0
11912183:14959143:14961415,15:38:00,15:38:00,102341,12,5608,,0,0,0
11912183:14959143:14961456,15:38:00,15:38:00,102341,12,5608,,0,0,0
11912183:14959143:14961415,15:38:00,15:38:00,102348,13,5890,,0,0,0
11912183:14959143:14961456,15:38:00,15:38:00,102348,13,5890,,0,0,0
11912183:14959143:14961415,15:39:00,15:39:00,102363,14,6398,,0,0,0
11912183:14959143:14961456,15:39:00,15:39:00,102363,14,6398,,0,0,0
11912183:14959143:14961415,15:40:00,15:40:00,102375,15,7195,,0,0,1
11912183:14959143:14961456,15:40:00,15:40:00,102375,15,7195,,0,0,1
11912183:14959143:14961415,15:40:00,15:40:00,102377,16,7490,,0,0,0
11912183:14959143:14961456,15:40:00,15:40:00,102377,16,7490,,0,0,0
11912183:14959143:14961415,15:41:00,15:41:00,102378,17,7956,,0,0,0
11912183:14959143:14961456,15:41:00,15:41:00,102378,17,7956,,0,0,0
11912183:14959143:14961415,15:42:00,15:42:00,102380,18,8367,,0,0,0
11912183:14959143:14961456,15:42:00,15:42:00,102380,18,8367,,0,0,0
11912183:14959143:14961415,15:42:00,15:42:00,102382,19,8692,,0,0,0
11912183:14959143:14961456,15:42:00,15:42:00,102382,19,8692,,0,0,0
11912183:14959143:14961415,15:43:00,15:43:00,102391,20,8990,,0,0,0
11912183:14959143:14961456,15:43:00,15:43:00,102391,20,8990,,0,0,0
11912183:14959143:14961415,15:43:00,15:43:00,102401,21,9225,,0,0,0
11912183:14959143:14961456,15:43:00,15:43:00,102401,21,9225,,0,0,0
11912183:14959143:14961415,15:44:00,15:44:00,102396,22,9828,,0,0,0
11912183:14959143:14961456,15:44:00,15:44:00,102396,22,9828,,0,0,0
11912183:14959143:14961415,15:44:00,15:44:00,102395,23,10033,,0,0,0
11912183:14959143:14961456,15:44:00,15:44:00,102395,23,10033,,0,0,0
11912183:14959143:14961415,15:45:00,15:45:00,102388,24,10387,,0,0,0
11912183:14959143:14961456,15:45:00,15:45:00,102388,24,10387,,0,0,0
11912183:14959143:14961415,15:46:00,15:46:00,102384,25,10864,,0,0,0
11912183:14959143:14961456,15:46:00,15:46:00,102384,25,10864,,0,0,0
11912183:14959143:14961415,15:46:00,15:46:00,102383,26,11167,,0,0,0
11912183:14959143:14961456,15:46:00,15:46:00,102383,26,11167,,0,0,0
11912183:14959143:14961415,15:47:00,15:47:00,102389,27,11635,,0,0,0
11912183:14959143:14961456,15:47:00,15:47:00,102389,27,11635,,0,0,0
11912183:14959143:14961415,15:47:00,15:47:00,102399,28,11849,,0,0,0
11912183:14959143:14961456,15:47:00,15:47:00,102399,28,11849,,0,0,0
11912183:14959143:14961415,15:48:00,15:48:00,102402,29,12020,,0,0,0
11912183:14959143:14961456,15:48:00,15:48:00,102402,29,12020,,0,0,0
11912183:14959143:14961415,15:48:00,15:48:00,102412,30,12566,,0,0,0
11912183:14959143:14961456,15:48:00,15:48:00,102412,30,12566,,0,0,0
11912183:14959143:14961415,15:49:00,15:49:00,102419,31,13125,,0,0,0
11912183:14959143:14961456,15:49:00,15:49:00,102419,31,13125,,0,0,0
11912183:14959143:14961415,15:50:00,15:50:00,102425,32,13394,,0,0,0
11912183:14959143:14961456,15:50:00,15:50:00,102425,32,13394,,0,0,0
11912183:14959143:14961415,15:50:00,15:50:00,102428,33,13572,,0,0,1
11912183:14959143:14961456,15:50:00,15:50:00,102428,33,13572,,0,0,1
11912183:14959143:14961415,15:51:00,15:51:00,102424,34,13992,,0,0,0
11912183:14959143:14961456,15:51:00,15:51:00,102424,34,13992,,0,0,0
11912183:14959143:14961415,15:51:00,15:51:00,102429,35,14386,,0,0,0
11912183:14959143:14961456,15:51:00,15:51:00,102429,35,14386,,0,0,0
11912183:14959143:14961415,15:51:00,15:51:00,102431,36,14673,,0,0,0
11912183:14959143:14961456,15:51:00,15:51:00,102431,36,14673,,0,0,0
11912183:14959143:14961415,15:52:00,15:52:00,102423,37,14993,,0,0,0
11912183:14959143:14961456,15:52:00,15:52:00,102423,37,14993,,0,0,0
11912183:14959143:14961415,15:53:00,15:53:00,102415,38,15782,,0,0,0
11912183:14959143:14961456,15:53:00,15:53:00,102415,38,15782,,0,0,0
11912183:14959143:14961415,15:53:00,15:53:00,102413,39,16154,,0,0,0
11912183:14959143:14961456,15:53:00,15:53:00,102413,39,16154,,0,0,0
11912183:14959143:14961415,15:54:00,15:54:00,102409,40,16452,,0,0,0
11912183:14959143:14961456,15:54:00,15:54:00,102409,40,16452,,0,0,0
11912183:14959143:14961415,15:54:00,15:54:00,102405,41,16887,,0,0,0
11912183:14959143:14961456,15:54:00,15:54:00,102405,41,16887,,0,0,0
11912183:14959143:14961415,15:55:00,15:55:00,102400,42,17268,,0,0,0
11912183:14959143:14961456,15:55:00,15:55:00,102400,42,17268,,0,0,0
11912183:14959143:14961415,15:55:00,15:55:00,102386,43,17579,,0,0,1
11912183:14959143:14961456,15:55:00,15:55:00,102386,43,17579,,0,0,1
11912183:14959143:14961415,15:59:00,15:59:00,102304,44,21018,,0,0,0
11912183:14959143:14961456,15:59:00,15:59:00,102304,44,21018,,0,0,0
11912183:14959143:14961415,15:59:00,15:59:00,102300,45,21237,,0,0,0
11912183:14959143:14961456,15:59:00,15:59:00,102300,45,21237,,0,0,0
11912183:14959143:14961415,16:00:00,16:00:00,102283,46,21624,,0,0,0
11912183:14959143:14961456,16:00:00,16:00:00,102283,46,21624,,0,0,0
11912183:14959143:14961415,16:00:00,16:00:00,102267,47,21950,,0,0,1
11912183:14959143:14961456,16:00:00,16:00:00,102267,47,21950,,0,0,1
11912183:14959143:14961415,16:03:00,16:03:00,102248,48,22896,,0,0,0
11912183:14959143:14961456,16:03:00,16:03:00,102248,48,22896,,0,0,0
11912183:14959143:14961415,16:05:00,16:05:00,102249,49,23561,,0,0,0
11912183:14959143:14961456,16:05:00,16:05:00,102249,49,23561,,0,0,0
11912183:14959143:14961415,16:07:00,16:07:00,102259,50,23957,,0,0,0
11912183:14959143:14961456,16:07:00,16:07:00,102259,50,23957,,0,0,0
11912183:14959143:14961415,16:08:00,16:08:00,100917,51,24363,,0,0,0
11912183:14959143:14961456,16:08:00,16:08:00,100917,51,24363,,0,0,0
11912183:14959143:14961415,16:09:00,16:09:00,102280,52,24662,,0,0,0
11912183:14959143:14961456,16:09:00,16:09:00,102280,52,24662,,0,0,0
11912183:14959143:14961415,16:10:00,16:10:00,102269,53,25001,,0,0,0
11912183:14959143:14961456,16:10:00,16:10:00,102269,53,25001,,0,0,0
11912183:14959143:14961415,16:12:00,16:12:00,102253,54,25547,,1,0,1
11912183:14959143:14961456,16:12:00,16:12:00,102253,54,25547,,1,0,1
11757638:14959157:14961357,13:27:00,13:27:00,102253,1,0,,0,0,1
11757638:14959157:14961363,13:27:00,13:27:00,102253,1,0,,0,0,1
11757638:14959157:14961357,13:28:00,13:28:00,102243,2,214,,0,0,0
11757638:14959157:14961363,13:28:00,13:28:00,102243,2,214,,0,0,0
11757638:14959157:14961357,13:30:00,13:30:00,102251,3,1130,,0,0,0
11757638:14959157:14961363,13:30:00,13:30:00,102251,3,1130,,0,0,0
11757638:14959157:14961357,13:31:00,13:31:00,102257,4,1621,,0,0,0
11757638:14959157:14961363,13:31:00,13:31:00,102257,4,1621,,0,0,0
11757638:14959157:14961357,13:32:00,13:32:00,102266,5,1926,,0,0,0
11757638:14959157:14961363,13:32:00,13:32:00,102266,5,1926,,0,0,0
11757638:14959157:14961357,13:33:00,13:33:00,102279,6,2407,,0,0,1
11757638:14959157:14961363,13:33:00,13:33:00,102279,6,2407,,0,0,1
11757638:14959157:14961357,13:33:00,13:33:00,102281,7,2634,,0,0,0
11757638:14959157:14961363,13:33:00,13:33:00,102281,7,2634,,0,0,0
11757638:14959157:14961357,13:34:00,13:34:00,102284,8,2922,,0,0,0
11757638:14959157:14961363,13:34:00,13:34:00,102284,8,2922,,0,0,0
11757638:14959157:14961357,13:35:00,13:35:00,102289,9,3498,,0,0,0
11757638:14959157:14961363,13:35:00,13:35:00,102289,9,3498,,0,0,0
11757638:14959157:14961357,13:36:00,13:36:00,102298,10,4502,,0,0,0
11757638:14959157:14961363,13:36:00,13:36:00,102298,10,4502,,0,0,0
11757638:14959157:14961357,13:37:00,13:37:00,102306,11,5020,,0,0,0
11757638:14959157:14961363,13:37:00,13:37:00,102306,11,5020,,0,0,0
11757638:14959157:14961357,13:38:00,13:38:00,102341,12,5608,,0,0,0
11757638:14959157:14961363,13:38:00,13:38:00,102341,12,5608,,0,0,0
11757638:14959157:14961357,13:38:00,13:38:00,102348,13,5890,,0,0,0
11757638:14959157:14961363,13:38:00,13:38:00,102348,13,5890,,0,0,0
11757638:14959157:14961357,13:39:00,13:39:00,102363,14,6398,,0,0,0
11757638:14959157:14961363,13:39:00,13:39:00,102363,14,6398,,0,0,0
11757638:14959157:14961357,13:40:00,13:40:00,102375,15,7195,,0,0,1
11757638:14959157:14961363,13:40:00,13:40:00,102375,15,7195,,0,0,1
11757638:14959157:14961357,13:40:00,13:40:00,102377,16,7490,,0,0,0
11757638:14959157:14961363,13:40:00,13:40:00,102377,16,7490,,0,0,0
11757638:14959157:14961357,13:41:00,13:41:00,102378,17,7956,,0,0,0
11757638:14959157:14961363,13:41:00,13:41:00,102378,17,7956,,0,0,0
11757638:14959157:14961357,13:42:00,13:42:00,102380,18,8367,,0,0,0
11757638:14959157:14961363,13:42:00,13:42:00,102380,18,8367,,0,0,0
11757638:14959157:14961357,13:42:00,13:42:00,102382,19,8692,,0,0,0
11757638:14959157:14961363,13:42:00,13:42:00,102382,19,8692,,0,0,0
11757638:14959157:14961357,13:43:00,13:43:00,102391,20,8990,,0,0,0
11757638:14959157:14961363,13:43:00,13:43:00,102391,20,8990,,0,0,0
11757638:14959157:14961357,13:43:00,13:43:00,102401,21,9225,,0,0,0
11757638:14959157:14961363,13:43:00,13:43:00,102401,21,9225,,0,0,0
11757638:14959157:14961357,13:44:00,13:44:00,102396,22,9828,,0,0,0
11757638:14959157:14961363,13:44:00,13:44:00,102396,22,9828,,0,0,0
11757638:14959157:14961357,13:45:00,13:45:00,102395,23,10033,,0,0,0
11757638:14959157:14961363,13:45:00,13:45:00,102395,23,10033,,0,0,0
11757638:14959157:14961357,13:45:00,13:45:00,102388,24,10387,,0,0,0
11757638:14959157:14961363,13:45:00,13:45:00,102388,24,10387,,0,0,0
11757638:14959157:14961357,13:46:00,13:46:00,102384,25,10864,,0,0,0
11757638:14959157:14961363,13:46:00,13:46:00,102384,25,10864,,0,0,0
11757638:14959157:14961357,13:46:00,13:46:00,102383,26,11167,,0,0,0
11757638:14959157:14961363,13:46:00,13:46:00,102383,26,11167,,0,0,0
11757638:14959157:14961357,13:47:00,13:47:00,102765,27,11650,,0,0,0
11757638:14959157:14961363,13:47:00,13:47:00,102765,27,11650,,0,0,0
11757638:14959157:14961357,13:55:00,13:55:00,102428,28,16484,,0,0,1
11757638:14959157:14961363,13:55:00,13:55:00,102428,28,16484,,0,0,1
11757638:14959157:14961357,13:56:00,13:56:00,102424,29,16904,,0,0,0
11757638:14959157:14961363,13:56:00,13:56:00,102424,29,16904,,0,0,0
11757638:14959157:14961357,13:56:00,13:56:00,102429,30,17298,,0,0,0
11757638:14959157:14961363,13:56:00,13:56:00,102429,30,17298,,0,0,0
11757638:14959157:14961357,13:56:00,13:56:00,102431,31,17585,,0,0,0
11757638:14959157:14961363,13:56:00,13:56:00,102431,31,17585,,0,0,0
11757638:14959157:14961357,13:57:00,13:57:00,102423,32,17905,,0,0,0
11757638:14959157:14961363,13:57:00,13:57:00,102423,32,17905,,0,0,0
11757638:14959157:14961357,13:58:00,13:58:00,102415,33,18694,,0,0,0
11757638:14959157:14961363,13:58:00,13:58:00,102415,33,18694,,0,0,0
11757638:14959157:14961357,13:58:00,13:58:00,102413,34,19066,,0,0,0
11757638:14959157:14961363,13:58:00,13:58:00,102413,34,19066,,0,0,0
11757638:14959157:14961357,13:59:00,13:59:00,102409,35,19364,,0,0,0
11757638:14959157:14961363,13:59:00,13:59:00,102409,35,19364,,0,0,0
11757638:14959157:14961357,13:59:00,13:59:00,102405,36,19799,,0,0,0
11757638:14959157:14961363,13:59:00,13:59:00,102405,36,19799,,0,0,0
11757638:14959157:14961357,14:00:00,14:00:00,102400,37,20180,,0,0,0
11757638:14959157:14961363,14:00:00,14:00:00,102400,37,20180,,0,0,0
11757638:14959157:14961357,14:00:00,14:00:00,102386,38,20491,,0,0,1
11757638:14959157:14961363,14:00:00,14:00:00,102386,38,20491,,0,0,1
11757638:14959157:14961357,14:04:00,14:04:00,102304,39,23930,,0,0,0
11757638:14959157:14961363,14:04:00,14:04:00,102304,39,23930,,0,0,0
11757638:14959157:14961357,14:04:00,14:04:00,102300,40,24149,,0,0,0
11757638:14959157:14961363,14:04:00,14:04:00,102300,40,24149,,0,0,0
11757638:14959157:14961357,14:05:00,14:05:00,102283,41,24536,,0,0,0
11757638:14959157:14961363,14:05:00,14:05:00,102283,41,24536,,0,0,0
11757638:14959157:14961357,14:05:00,14:05:00,102267,42,24862,,0,0,1
11757638:14959157:14961363,14:05:00,14:05:00,102267,42,24862,,0,0,1
11757638:14959157:14961357,14:08:00,14:08:00,102248,43,25808,,0,0,0
11757638:14959157:14961363,14:08:00,14:08:00,102248,43,25808,,0,0,0
11757638:14959157:14961357,14:10:00,14:10:00,102249,44,26473,,0,0,0
11757638:14959157:14961363,14:10:00,14:10:00,102249,44,26473,,0,0,0
11757638:14959157:14961357,14:12:00,14:12:00,102259,45,26869,,0,0,0
11757638:14959157:14961363,14:12:00,14:12:00,102259,45,26869,,0,0,0
11757638:14959157:14961357,14:13:00,14:13:00,100917,46,27275,,0,0,0
11757638:14959157:14961363,14:13:00,14:13:00,100917,46,27275,,0,0,0
11757638:14959157:14961357,14:14:00,14:14:00,102280,47,27574,,0,0,0
11757638:14959157:14961363,14:14:00,14:14:00,102280,47,27574,,0,0,0
11757638:14959157:14961357,14:15:00,14:15:00,102269,48,27913,,0,0,0
11757638:14959157:14961363,14:15:00,14:15:00,102269,48,27913,,0,0,0
11757638:14959157:14961357,14:17:00,14:17:00,102253,49,28459,,1,0,1
11757638:14959157:14961363,14:17:00,14:17:00,102253,49,28459,,1,0,1
12328906:14959185:14961402,17:40:00,17:40:00,102253,1,0,,0,0,1
12328906:14959185:14961402,17:41:00,17:41:00,102243,2,214,,0,0,0
12328906:14959185:14961402,17:43:00,17:43:00,102251,3,1130,,0,0,0
12328906:14959185:14961402,17:44:00,17:44:00,102257,4,1621,,0,0,0
12328906:14959185:14961402,17:45:00,17:45:00,102266,5,1926,,0,0,0
12328906:14959185:14961402,17:46:00,17:46:00,102279,6,2407,,0,0,1
12328906:14959185:14961402,17:46:00,17:46:00,102281,7,2634,,0,0,0
12328906:14959185:14961402,17:47:00,17:47:00,102284,8,2922,,0,0,0
12328906:14959185:14961402,17:47:00,17:47:00,102289,9,3498,,0,0,0
12328906:14959185:14961402,17:49:00,17:49:00,102298,10,4502,,0,0,0
12328906:14959185:14961402,17:49:00,17:49:00,102306,11,5020,,0,0,0
12328906:14959185:14961402,17:50:00,17:50:00,102341,12,5608,,0,0,0
12328906:14959185:14961402,17:50:00,17:50:00,102348,13,5890,,0,0,0
12328906:14959185:14961402,17:51:00,17:51:00,102363,14,6398,,0,0,0
12328906:14959185:14961402,17:52:00,17:52:00,102375,15,7195,,0,0,1
12328906:14959185:14961402,17:52:00,17:52:00,102377,16,7490,,0,0,0
12328906:14959185:14961402,17:53:00,17:53:00,102378,17,7956,,0,0,0
12328906:14959185:14961402,17:54:00,17:54:00,102380,18,8367,,0,0,0
12328906:14959185:14961402,17:54:00,17:54:00,102382,19,8692,,0,0,0
12328906:14959185:14961402,17:55:00,17:55:00,102391,20,8990,,0,0,0
12328906:14959185:14961402,17:55:00,17:55:00,102401,21,9225,,0,0,0
12328906:14959185:14961402,17:56:00,17:56:00,102396,22,9828,,0,0,0
12328906:14959185:14961402,17:57:00,17:57:00,102395,23,10033,,0,0,0
12328906:14959185:14961402,17:57:00,17:57:00,102388,24,10387,,0,0,0
12328906:14959185:14961402,17:58:00,17:58:00,102384,25,10864,,0,0,0
12328906:14959185:14961402,17:58:00,17:58:00,102383,26,11167,,0,0,0
12328906:14959185:14961402,17:59:00,17:59:00,102765,27,11650,,0,0,0
12328906:14959185:14961402,18:07:00,18:07:00,102428,28,16484,,0,0,1
12328906:14959185:14961402,18:08:00,18:08:00,102424,29,16904,,0,0,0
12328906:14959185:14961402,18:08:00,18:08:00,102429,30,17298,,0,0,0
12328906:14959185:14961402,18:08:00,18:08:00,102431,31,17585,,0,0,0
12328906:14959185:14961402,18:09:00,18:09:00,102423,32,17905,,0,0,0
12328906:14959185:14961402,18:10:00,18:10:00,102415,33,18694,,0,0,0
12328906:14959185:14961402,18:10:00,18:10:00,102413,34,19066,,0,0,0
12328906:14959185:14961402,18:11:00,18:11:00,102409,35,19364,,0,0,0
12328906:14959185:14961402,18:11:00,18:11:00,102405,36,19799,,0,0,0
12328906:14959185:14961402,18:12:00,18:12:00,102400,37,20180,,0,0,0
12328906:14959185:14961402,18:12:00,18:12:00,102386,38,20491,,0,0,1
12328906:14959185:14961402,18:16:00,18:16:00,102304,39,23930,,0,0,0
12328906:14959185:14961402,18:16:00,18:16:00,102300,40,24149,,0,0,0
12328906:14959185:14961402,18:17:00,18:17:00,102283,41,24536,,0,0,0
12328906:14959185:14961402,18:17:00,18:17:00,102267,42,24862,,0,0,1
12328906:14959185:14961402,18:20:00,18:20:00,102248,43,25808,,0,0,0
12328906:14959185:14961402,18:22:00,18:22:00,102249,44,26473,,0,0,0
12328906:14959185:14961402,18:23:00,18:23:00,102259,45,26869,,0,0,0
12328906:14959185:14961402,18:24:00,18:24:00,100917,46,27275,,0,0,0
12328906:14959185:14961402,18:25:00,18:25:00,102280,47,27574,,0,0,0
12328906:14959185:14961402,18:25:00,18:25:00,102269,48,27913,,0,0,0
12328906:14959185:14961402,18:27:00,18:27:00,102253,49,28459,,1,0,1
11757666:14959248:14961550,17:27:00,17:27:00,102253,1,0,,0,0,1
11757666:14959248:14961552,17:27:00,17:27:00,102253,1,0,,0,0,1
11757666:14959248:14961550,17:28:00,17:28:00,102243,2,214,,0,0,0
11757666:14959248:14961552,17:28:00,17:28:00,102243,2,214,,0,0,0
11757666:14959248:14961550,17:30:00,17:30:00,102251,3,1130,,0,0,0
11757666:14959248:14961552,17:30:00,17:30:00,102251,3,1130,,0,0,0
11757666:14959248:14961550,17:31:00,17:31:00,102257,4,1621,,0,0,0
11757666:14959248:14961552,17:31:00,17:31:00,102257,4,1621,,0,0,0
11757666:14959248:14961550,17:32:00,17:32:00,102266,5,1926,,0,0,0
11757666:14959248:14961552,17:32:00,17:32:00,102266,5,1926,,0,0,0
11757666:14959248:14961550,17:33:00,17:33:00,102279,6,2407,,0,0,1
11757666:14959248:14961552,17:33:00,17:33:00,102279,6,2407,,0,0,1
11757666:14959248:14961550,17:33:00,17:33:00,102281,7,2634,,0,0,0
11757666:14959248:14961552,17:33:00,17:33:00,102281,7,2634,,0,0,0
11757666:14959248:14961550,17:34:00,17:34:00,102284,8,2922,,0,0,0
11757666:14959248:14961552,17:34:00,17:34:00,102284,8,2922,,0,0,0
11757666:14959248:14961550,17:34:00,17:34:00,102289,9,3498,,0,0,0
11757666:14959248:14961552,17:34:00,17:34:00,102289,9,3498,,0,0,0
11757666:14959248:14961550,17:36:00,17:36:00,102298,10,4502,,0,0,0
11757666:14959248:14961552,17:36:00,17:36:00,102298,10,4502,,0,0,0
11757666:14959248:14961550,17:36:00,17:36:00,102306,11,5020,,0,0,0
11757666:14959248:14961552,17:36:00,17:36:00,102306,11,5020,,0,0,0
11757666:14959248:14961550,17:37:00,17:37:00,102341,12,5608,,0,0,0
11757666:14959248:14961552,17:37:00,17:37:00,102341,12,5608,,0,0,0
11757666:14959248:14961550,17:37:00,17:37:00,102348,13,5890,,0,0,0
11757666:14959248:14961552,17:37:00,17:37:00,102348,13,5890,,0,0,0
11757666:14959248:14961550,17:38:00,17:38:00,102363,14,6398,,0,0,0
11757666:14959248:14961552,17:38:00,17:38:00,102363,14,6398,,0,0,0
11757666:14959248:14961550,17:39:00,17:39:00,102375,15,7195,,0,0,1
11757666:14959248:14961552,17:39:00,17:39:00,102375,15,7195,,0,0,1
11757666:14959248:14961550,17:39:00,17:39:00,102377,16,7490,,0,0,0
11757666:14959248:14961552,17:39:00,17:39:00,102377,16,7490,,0,0,0
11757666:14959248:14961550,17:40:00,17:40:00,102378,17,7956,,0,0,0
11757666:14959248:14961552,17:40:00,17:40:00,102378,17,7956,,0,0,0
11757666:14959248:14961550,17:41:00,17:41:00,102380,18,8367,,0,0,0
11757666:14959248:14961552,17:41:00,17:41:00,102380,18,8367,,0,0,0
11757666:14959248:14961550,17:41:00,17:41:00,102382,19,8692,,0,0,0
11757666:14959248:14961552,17:41:00,17:41:00,102382,19,8692,,0,0,0
11757666:14959248:14961550,17:42:00,17:42:00,102391,20,8990,,0,0,0
11757666:14959248:14961552,17:42:00,17:42:00,102391,20,8990,,0,0,0
11757666:14959248:14961550,17:42:00,17:42:00,102401,21,9225,,0,0,0
11757666:14959248:14961552,17:42:00,17:42:00,102401,21,9225,,0,0,0
11757666:14959248:14961550,17:43:00,17:43:00,102396,22,9828,,0,0,0
11757666:14959248:14961552,17:43:00,17:43:00,102396,22,9828,,0,0,0
11757666:14959248:14961550,17:44:00,17:44:00,102395,23,10033,,0,0,0
11757666:14959248:14961552,17:44:00,17:44:00,102395,23,10033,,0,0,0
11757666:14959248:14961550,17:44:00,17:44:00,102388,24,10387,,0,0,0
11757666:14959248:14961552,17:44:00,17:44:00,102388,24,10387,,0,0,0
11757666:14959248:14961550,17:45:00,17:45:00,102384,25,10864,,0,0,0
11757666:14959248:14961552,17:45:00,17:45:00,102384,25,10864,,0,0,0
11757666:14959248:14961550,17:45:00,17:45:00,102383,26,11167,,0,0,0
11757666:14959248:14961552,17:45:00,17:45:00,102383,26,11167,,0,0,0
11757666:14959248:14961550,17:46:00,17:46:00,102765,27,11650,,0,0,0
11757666:14959248:14961552,17:46:00,17:46:00,102765,27,11650,,0,0,0
11757666:14959248:14961550,17:54:00,17:54:00,102428,28,16484,,0,0,1
11757666:14959248:14961552,17:54:00,17:54:00,102428,28,16484,,0,0,1
11757666:14959248:14961550,17:55:00,17:55:00,102424,29,16904,,0,0,0
11757666:14959248:14961552,17:55:00,17:55:00,102424,29,16904,,0,0,0
11757666:14959248:14961550,17:55:00,17:55:00,102429,30,17298,,0,0,0
11757666:14959248:14961552,17:55:00,17:55:00,102429,30,17298,,0,0,0
11757666:14959248:14961550,17:55:00,17:55:00,102431,31,17585,,0,0,0
11757666:14959248:14961552,17:55:00,17:55:00,102431,31,17585,,0,0,0
11757666:14959248:14961550,17:56:00,17:56:00,102423,32,17905,,0,0,0
11757666:14959248:14961552,17:56:00,17:56:00,102423,32,17905,,0,0,0
11757666:14959248:14961550,17:57:00,17:57:00,102415,33,18694,,0,0,0
11757666:14959248:14961552,17:57:00,17:57:00,102415,33,18694,,0,0,0
11757666:14959248:14961550,17:57:00,17:57:00,102413,34,19066,,0,0,0
11757666:14959248:14961552,17:57:00,17:57:00,102413,34,19066,,0,0,0
11757666:14959248:14961550,17:58:00,17:58:00,102409,35,19364,,0,0,0
11757666:14959248:14961552,17:58:00,17:58:00,102409,35,19364,,0,0,0
11757666:14959248:14961550,17:58:00,17:58:00,102405,36,19799,,0,0,0
11757666:14959248:14961552,17:58:00,17:58:00,102405,36,19799,,0,0,0
11757666:14959248:14961550,17:59:00,17:59:00,102400,37,20180,,0,0,0
11757666:14959248:14961552,17:59:00,17:59:00,102400,37,20180,,0,0,0
11757666:14959248:14961550,17:59:00,17:59:00,102386,38,20491,,0,0,1
11757666:14959248:14961552,17:59:00,17:59:00,102386,38,20491,,0,0,1
11757666:14959248:14961550,18:03:00,18:03:00,102304,39,23930,,0,0,0
11757666:14959248:14961552,18:03:00,18:03:00,102304,39,23930,,0,0,0
11757666:14959248:14961550,18:03:00,18:03:00,102300,40,24149,,0,0,0
11757666:14959248:14961552,18:03:00,18:03:00,102300,40,24149,,0,0,0
11757666:14959248:14961550,18:04:00,18:04:00,102283,41,24536,,0,0,0
11757666:14959248:14961552,18:04:00,18:04:00,102283,41,24536,,0,0,0
11757666:14959248:14961550,18:04:00,18:04:00,102267,42,24862,,0,0,1
11757666:14959248:14961552,18:04:00,18:04:00,102267,42,24862,,0,0,1
11757666:14959248:14961550,18:07:00,18:07:00,102248,43,25808,,0,0,0
11757666:14959248:14961552,18:07:00,18:07:00,102248,43,25808,,0,0,0
11757666:14959248:14961550,18:09:00,18:09:00,102249,44,26473,,0,0,0
11757666:14959248:14961552,18:09:00,18:09:00,102249,44,26473,,0,0,0
11757666:14959248:14961550,18:10:00,18:10:00,102259,45,26869,,0,0,0
11757666:14959248:14961552,18:10:00,18:10:00,102259,45,26869,,0,0,0
11757666:14959248:14961550,18:11:00,18:11:00,100917,46,27275,,0,0,0
11757666:14959248:14961552,18:11:00,18:11:00,100917,46,27275,,0,0,0
11757666:14959248:14961550,18:12:00,18:12:00,102280,47,27574,,0,0,0
11757666:14959248:14961552,18:12:00,18:12:00,102280,47,27574,,0,0,0
11757666:14959248:14961550,18:12:00,18:12:00,102269,48,27913,,0,0,0
11757666:14959248:14961552,18:12:00,18:12:00,102269,48,27913,,0,0,0
11757666:14959248:14961550,18:14:00,18:14:00,102253,49,28459,,1,0,1
11757666:14959248:14961552,18:14:00,18:14:00,102253,49,28459,,1,0,1
11912172:14959324:14961415,13:27:00,13:27:00,102253,1,0,,0,0,1
11912172:14959324:14961456,13:27:00,13:27:00,102253,1,0,,0,0,1
11912172:14959324:14961415,13:28:00,13:28:00,102243,2,214,,0,0,0
11912172:14959324:14961456,13:28:00,13:28:00,102243,2,214,,0,0,0
11912172:14959324:14961415,13:30:00,13:30:00,102251,3,1130,,0,0,0
11912172:14959324:14961456,13:30:00,13:30:00,102251,3,1130,,0,0,0
11912172:14959324:14961415,13:31:00,13:31:00,102257,4,1621,,0,0,0
11912172:14959324:14961456,13:31:00,13:31:00,102257,4,1621,,0,0,0
11912172:14959324:14961415,13:32:00,13:32:00,102266,5,1926,,0,0,0
11912172:14959324:14961456,13:32:00,13:32:00,102266,5,1926,,0,0,0
11912172:14959324:14961415,13:33:00,13:33:00,102279,6,2407,,0,0,1
11912172:14959324:14961456,13:33:00,13:33:00,102279,6,2407,,0,0,1
11912172:14959324:14961415,13:33:00,13:33:00,102281,7,2634,,0,0,0
11912172:14959324:14961456,13:33:00,13:33:00,102281,7,2634,,0,0,0
11912172:14959324:14961415,13:34:00,13:34:00,102284,8,2922,,0,0,0
11912172:14959324:14961456,13:34:00,13:34:00,102284,8,2922,,0,0,0
11912172:14959324:14961415,13:35:00,13:35:00,102289,9,3498,,0,0,0
11912172:14959324:14961456,13:35:00,13:35:00,102289,9,3498,,0,0,0
11912172:14959324:14961415,13:36:00,13:36:00,102298,10,4502,,0,0,0
11912172:14959324:14961456,13:36:00,13:36:00,102298,10,4502,,0,0,0
11912172:14959324:14961415,13:37:00,13:37:00,102306,11,5020,,0,0,0
11912172:14959324:14961456,13:37:00,13:37:00,102306,11,5020,,0,0,0
11912172:14959324:14961415,13:38:00,13:38:00,102341,12,5608,,0,0,0
11912172:14959324:14961456,13:38:00,13:38:00,102341,12,5608,,0,0,0
11912172:14959324:14961415,13:38:00,13:38:00,102348,13,5890,,0,0,0
11912172:14959324:14961456,13:38:00,13:38:00,102348,13,5890,,0,0,0
11912172:14959324:14961415,13:39:00,13:39:00,102363,14,6398,,0,0,0
11912172:14959324:14961456,13:39:00,13:39:00,102363,14,6398,,0,0,0
11912172:14959324:14961415,13:40:00,13:40:00,102375,15,7195,,0,0,1
11912172:14959324:14961456,13:40:00,13:40:00,102375,15,7195,,0,0,1
11912172:14959324:14961415,13:40:00,13:40:00,102377,16,7490,,0,0,0
11912172:14959324:14961456,13:40:00,13:40:00,102377,16,7490,,0,0,0
11912172:14959324:14961415,13:41:00,13:41:00,102378,17,7956,,0,0,0
11912172:14959324:14961456,13:41:00,13:41:00,102378,17,7956,,0,0,0
11912172:14959324:14961415,13:42:00,13:42:00,102380,18,8367,,0,0,0
11912172:14959324:14961456,13:42:00,13:42:00,102380,18,8367,,0,0,0
11912172:14959324:14961415,13:42:00,13:42:00,102382,19,8692,,0,0,0
11912172:14959324:14961456,13:42:00,13:42:00,102382,19,8692,,0,0,0
11912172:14959324:14961415,13:43:00,13:43:00,102391,20,8990,,0,0,0
11912172:14959324:14961456,13:43:00,13:43:00,102391,20,8990,,0,0,0
11912172:14959324:14961415,13:43:00,13:43:00,102401,21,9225,,0,0,0
11912172:14959324:14961456,13:43:00,13:43:00,102401,21,9225,,0,0,0
11912172:14959324:14961415,13:44:00,13:44:00,102396,22,9828,,0,0,0
11912172:14959324:14961456,13:44:00,13:44:00,102396,22,9828,,0,0,0
11912172:14959324:14961415,13:44:00,13:44:00,102395,23,10033,,0,0,0
11912172:14959324:14961456,13:44:00,13:44:00,102395,23,10033,,0,0,0
11912172:14959324:14961415,13:45:00,13:45:00,102388,24,10387,,0,0,0
11912172:14959324:14961456,13:45:00,13:45:00,102388,24,10387,,0,0,0
11912172:14959324:14961415,13:46:00,13:46:00,102384,25,10864,,0,0,0
11912172:14959324:14961456,13:46:00,13:46:00,102384,25,10864,,0,0,0
11912172:14959324:14961415,13:46:00,13:46:00,102383,26,11167,,0,0,0
11912172:14959324:14961456,13:46:00,13:46:00,102383,26,11167,,0,0,0
11912172:14959324:14961415,13:47:00,13:47:00,102389,27,11635,,0,0,0
11912172:14959324:14961456,13:47:00,13:47:00,102389,27,11635,,0,0,0
11912172:14959324:14961415,13:47:00,13:47:00,102399,28,11849,,0,0,0
11912172:14959324:14961456,13:47:00,13:47:00,102399,28,11849,,0,0,0
11912172:14959324:14961415,13:48:00,13:48:00,102402,29,12020,,0,0,0
11912172:14959324:14961456,13:48:00,13:48:00,102402,29,12020,,0,0,0
11912172:14959324:14961415,13:48:00,13:48:00,102412,30,12566,,0,0,0
11912172:14959324:14961456,13:48:00,13:48:00,102412,30,12566,,0,0,0
11912172:14959324:14961415,13:49:00,13:49:00,102419,31,13125,,0,0,0
11912172:14959324:14961456,13:49:00,13:49:00,102419,31,13125,,0,0,0
11912172:14959324:14961415,13:50:00,13:50:00,102425,32,13394,,0,0,0
11912172:14959324:14961456,13:50:00,13:50:00,102425,32,13394,,0,0,0
11912172:14959324:14961415,13:50:00,13:50:00,102428,33,13572,,0,0,1
11912172:14959324:14961456,13:50:00,13:50:00,102428,33,13572,,0,0,1
11912172:14959324:14961415,13:51:00,13:51:00,102424,34,13992,,0,0,0
11912172:14959324:14961456,13:51:00,13:51:00,102424,34,13992,,0,0,0
11912172:14959324:14961415,13:51:00,13:51:00,102429,35,14386,,0,0,0
11912172:14959324:14961456,13:51:00,13:51:00,102429,35,14386,,0,0,0
11912172:14959324:14961415,13:51:00,13:51:00,102431,36,14673,,0,0,0
11912172:14959324:14961456,13:51:00,13:51:00,102431,36,14673,,0,0,0
11912172:14959324:14961415,13:52:00,13:52:00,102423,37,14993,,0,0,0
11912172:14959324:14961456,13:52:00,13:52:00,102423,37,14993,,0,0,0
11912172:14959324:14961415,13:53:00,13:53:00,102415,38,15782,,0,0,0
11912172:14959324:14961456,13:53:00,13:53:00,102415,38,15782,,0,0,0
11912172:14959324:14961415,13:53:00,13:53:00,102413,39,16154,,0,0,0
11912172:14959324:14961456,13:53:00,13:53:00,102413,39,16154,,0,0,0
11912172:14959324:14961415,13:54:00,13:54:00,102409,40,16452,,0,0,0
11912172:14959324:14961456,13:54:00,13:54:00,102409,40,16452,,0,0,0
11912172:14959324:14961415,13:54:00,13:54:00,102405,41,16887,,0,0,0
11912172:14959324:14961456,13:54:00,13:54:00,102405,41,16887,,0,0,0
11912172:14959324:14961415,13:55:00,13:55:00,102400,42,17268,,0,0,0
11912172:14959324:14961456,13:55:00,13:55:00,102400,42,17268,,0,0,0
11912172:14959324:14961415,13:55:00,13:55:00,102386,43,17579,,0,0,1
11912172:14959324:14961456,13:55:00,13:55:00,102386,43,17579,,0,0,1
11912172:14959324:14961415,13:59:00,13:59:00,102304,44,21018,,0,0,0
11912172:14959324:14961456,13:59:00,13:59:00,102304,44,21018,,0,0,0
11912172:14959324:14961415,13:59:00,13:59:00,102300,45,21237,,0,0,0
11912172:14959324:14961456,13:59:00,13:59:00,102300,45,21237,,0,0,0
11912172:14959324:14961415,14:00:00,14:00:00,102283,46,21624,,0,0,0
11912172:14959324:14961456,14:00:00,14:00:00,102283,46,21624,,0,0,0
11912172:14959324:14961415,14:00:00,14:00:00,102267,47,21950,,0,0,1
11912172:14959324:14961456,14:00:00,14:00:00,102267,47,21950,,0,0,1
11912172:14959324:14961415,14:03:00,14:03:00,102248,48,22896,,0,0,0
11912172:14959324:14961456,14:03:00,14:03:00,102248,48,22896,,0,0,0
11912172:14959324:14961415,14:05:00,14:05:00,102249,49,23561,,0,0,0
11912172:14959324:14961456,14:05:00,14:05:00,102249,49,23561,,0,0,0
11912172:14959324:14961415,14:07:00,14:07:00,102259,50,23957,,0,0,0
11912172:14959324:14961456,14:07:00,14:07:00,102259,50,23957,,0,0,0
11912172:14959324:14961415,14:08:00,14:08:00,100917,51,24363,,0,0,0
11912172:14959324:14961456,14:08:00,14:08:00,100917,51,24363,,0,0,0
11912172:14959324:14961415,14:09:00,14:09:00,102280,52,24662,,0,0,0
11912172:14959324:14961456,14:09:00,14:09:00,102280,52,24662,,0,0,0
11912172:14959324:14961415,14:10:00,14:10:00,102269,53,25001,,0,0,0
11912172:14959324:14961456,14:10:00,14:10:00,102269,53,25001,,0,0,0
11912172:14959324:14961415,14:12:00,14:12:00,102253,54,25547,,1,0,1
11912172:14959324:14961456,14:12:00,14:12:00,102253,54,25547,,1,0,1
12328908:14959389:14961479,08:35:00,08:35:00,102253,1,0,,0,0,1
12328908:14959389:14961479,08:36:00,08:36:00,102243,2,214,,0,0,0
12328908:14959389:14961479,08:38:00,08:38:00,102251,3,1130,,0,0,0
12328908:14959389:14961479,08:39:00,08:39:00,102257,4,1621,,0,0,0
12328908:14959389:14961479,08:40:00,08:40:00,102266,5,1926,,0,0,0
12328908:14959389:14961479,08:41:00,08:41:00,102279,6,2407,,0,0,1
12328908:14959389:14961479,08:41:00,08:41:00,102281,7,2634,,0,0,0
12328908:14959389:14961479,08:42:00,08:42:00,102284,8,2922,,0,0,0
12328908:14959389:14961479,08:42:00,08:42:00,102289,9,3498,,0,0,0
12328908:14959389:14961479,08:44:00,08:44:00,102298,10,4502,,0,0,0
12328908:14959389:14961479,08:44:00,08:44:00,102306,11,5020,,0,0,0
12328908:14959389:14961479,08:45:00,08:45:00,102341,12,5608,,0,0,0
12328908:14959389:14961479,08:45:00,08:45:00,102348,13,5890,,0,0,0
12328908:14959389:14961479,08:46:00,08:46:00,102363,14,6398,,0,0,0
12328908:14959389:14961479,08:47:00,08:47:00,102375,15,7195,,0,0,1
12328908:14959389:14961479,08:47:00,08:47:00,102377,16,7490,,0,0,0
12328908:14959389:14961479,08:48:00,08:48:00,102378,17,7956,,0,0,0
12328908:14959389:14961479,08:49:00,08:49:00,102380,18,8367,,0,0,0
12328908:14959389:14961479,08:49:00,08:49:00,102382,19,8692,,0,0,0
12328908:14959389:14961479,08:50:00,08:50:00,102391,20,8990,,0,0,0
12328908:14959389:14961479,08:50:00,08:50:00,102401,21,9225,,0,0,0
12328908:14959389:14961479,08:51:00,08:51:00,102396,22,9828,,0,0,0
12328908:14959389:14961479,08:52:00,08:52:00,102395,23,10033,,0,0,0
12328908:14959389:14961479,08:52:00,08:52:00,102388,24,10387,,0,0,0
12328908:14959389:14961479,08:53:00,08:53:00,102384,25,10864,,0,0,0
12328908:14959389:14961479,08:53:00,08:53:00,102383,26,11167,,0,0,0
12328908:14959389:14961479,08:54:00,08:54:00,102765,27,11650,,0,0,0
12328908:14959389:14961479,09:02:00,09:02:00,102428,28,16484,,0,0,1
12328908:14959389:14961479,09:03:00,09:03:00,102424,29,16904,,0,0,0
12328908:14959389:14961479,09:03:00,09:03:00,102429,30,17298,,0,0,0
12328908:14959389:14961479,09:03:00,09:03:00,102431,31,17585,,0,0,0
12328908:14959389:14961479,09:04:00,09:04:00,102423,32,17905,,0,0,0
12328908:14959389:14961479,09:05:00,09:05:00,102415,33,18694,,0,0,0
12328908:14959389:14961479,09:05:00,09:05:00,102413,34,19066,,0,0,0
12328908:14959389:14961479,09:06:00,09:06:00,102409,35,19364,,0,0,0
12328908:14959389:14961479,09:06:00,09:06:00,102405,36,19799,,0,0,0
12328908:14959389:14961479,09:07:00,09:07:00,102400,37,20180,,0,0,0
12328908:14959389:14961479,09:07:00,09:07:00,102386,38,20491,,0,0,1
12328908:14959389:14961479,09:11:00,09:11:00,102304,39,23930,,0,0,0
12328908:14959389:14961479,09:11:00,09:11:00,102300,40,24149,,0,0,0
12328908:14959389:14961479,09:12:00,09:12:00,102283,41,24536,,0,0,0
12328908:14959389:14961479,09:12:00,09:12:00,102267,42,24862,,0,0,1
12328908:14959389:14961479,09:15:00,09:15:00,102248,43,25808,,0,0,0
12328908:14959389:14961479,09:17:00,09:17:00,102249,44,26473,,0,0,0
12328908:14959389:14961479,09:18:00,09:18:00,102259,45,26869,,0,0,0
12328908:14959389:14961479,09:19:00,09:19:00,100917,46,27275,,0,0,0
12328908:14959389:14961479,09:20:00,09:20:00,102280,47,27574,,0,0,0
12328908:14959389:14961479,09:20:00,09:20:00,102269,48,27913,,0,0,0
12328908:14959389:14961479,09:22:00,09:22:00,102253,49,28459,,1,0,1
12359101:14959506:14961551,17:27:00,17:27:00,102253,1,0,,0,0,1
12359101:14959506:14961551,17:28:00,17:28:00,102243,2,214,,0,0,0
12359101:14959506:14961551,17:30:00,17:30:00,102251,3,1130,,0,0,0
12359101:14959506:14961551,17:31:00,17:31:00,102257,4,1621,,0,0,0
12359101:14959506:14961551,17:32:00,17:32:00,102266,5,1926,,0,0,0
12359101:14959506:14961551,17:33:00,17:33:00,102279,6,2407,,0,0,1
12359101:14959506:14961551,17:33:00,17:33:00,102281,7,2634,,0,0,0
12359101:14959506:14961551,17:34:00,17:34:00,102284,8,2922,,0,0,0
12359101:14959506:14961551,17:34:00,17:34:00,102289,9,3498,,0,0,0
12359101:14959506:14961551,17:36:00,17:36:00,102298,10,4502,,0,0,0
12359101:14959506:14961551,17:36:00,17:36:00,102306,11,5020,,0,0,0
12359101:14959506:14961551,17:37:00,17:37:00,102341,12,5608,,0,0,0
12359101:14959506:14961551,17:37:00,17:37:00,102348,13,5890,,0,0,0
12359101:14959506:14961551,17:38:00,17:38:00,102363,14,6398,,0,0,0
12359101:14959506:14961551,17:39:00,17:39:00,102375,15,7195,,0,0,1
12359101:14959506:14961551,17:39:00,17:39:00,102377,16,7490,,0,0,0
12359101:14959506:14961551,17:40:00,17:40:00,102378,17,7956,,0,0,0
12359101:14959506:14961551,17:41:00,17:41:00,102380,18,8367,,0,0,0
12359101:14959506:14961551,17:41:00,17:41:00,102382,19,8692,,0,0,0
12359101:14959506:14961551,17:42:00,17:42:00,102391,20,8990,,0,0,0
12359101:14959506:14961551,17:42:00,17:42:00,102401,21,9225,,0,0,0
12359101:14959506:14961551,17:43:00,17:43:00,102396,22,9828,,0,0,0
12359101:14959506:14961551,17:43:00,17:43:00,102395,23,10033,,0,0,0
12359101:14959506:14961551,17:44:00,17:44:00,102388,24,10387,,0,0,0
12359101:14959506:14961551,17:45:00,17:45:00,102384,25,10864,,0,0,0
12359101:14959506:14961551,17:45:00,17:45:00,102383,26,11167,,0,0,0
12359101:14959506:14961551,17:46:00,17:46:00,102389,27,11635,,0,0,0
12359101:14959506:14961551,17:46:00,17:46:00,102399,28,11849,,0,0,0
12359101:14959506:14961551,17:47:00,17:47:00,102402,29,12020,,0,0,0
12359101:14959506:14961551,17:47:00,17:47:00,102412,30,12566,,0,0,0
12359101:14959506:14961551,17:48:00,17:48:00,102419,31,13125,,0,0,0
12359101:14959506:14961551,17:49:00,17:49:00,102425,32,13394,,0,0,0
12359101:14959506:14961551,17:49:00,17:49:00,102428,33,13572,,0,0,1
12359101:14959506:14961551,17:50:00,17:50:00,102424,34,13992,,0,0,0
12359101:14959506:14961551,17:50:00,17:50:00,102429,35,14386,,0,0,0
12359101:14959506:14961551,17:50:00,17:50:00,102431,36,14673,,0,0,0
12359101:14959506:14961551,17:51:00,17:51:00,102423,37,14993,,0,0,0
12359101:14959506:14961551,17:52:00,17:52:00,102415,38,15782,,0,0,0
12359101:14959506:14961551,17:52:00,17:52:00,102413,39,16154,,0,0,0
12359101:14959506:14961551,17:53:00,17:53:00,102409,40,16452,,0,0,0
12359101:14959506:14961551,17:53:00,17:53:00,102405,41,16887,,0,0,0
12359101:14959506:14961551,17:54:00,17:54:00,102400,42,17268,,0,0,0
12359101:14959506:14961551,17:54:00,17:54:00,102386,43,17579,,0,0,1
12359101:14959506:14961551,17:58:00,17:58:00,102304,44,21018,,0,0,0
12359101:14959506:14961551,17:58:00,17:58:00,102300,45,21237,,0,0,0
12359101:14959506:14961551,17:59:00,17:59:00,102283,46,21624,,0,0,0
12359101:14959506:14961551,17:59:00,17:59:00,102267,47,21950,,0,0,1
12359101:14959506:14961551,18:02:00,18:02:00,102248,48,22896,,0,0,0
12359101:14959506:14961551,18:04:00,18:04:00,102249,49,23561,,0,0,0
12359101:14959506:14961551,18:05:00,18:05:00,102259,50,23957,,0,0,0
12359101:14959506:14961551,18:06:00,18:06:00,100917,51,24363,,0,0,0
12359101:14959506:14961551,18:07:00,18:07:00,102280,52,24662,,0,0,0
12359101:14959506:14961551,18:07:00,18:07:00,102269,53,25001,,0,0,0
12359101:14959506:14961551,18:09:00,18:09:00,102253,54,25547,,1,0,1
12359045:14959559:14961407,11:27:00,11:27:00,102253,1,0,,0,0,1
12359045:14959559:14961407,11:28:00,11:28:00,102243,2,214,,0,0,0
12359045:14959559:14961407,11:30:00,11:30:00,102251,3,1130,,0,0,0
12359045:14959559:14961407,11:31:00,11:31:00,102257,4,1621,,0,0,0
12359045:14959559:14961407,11:32:00,11:32:00,102266,5,1926,,0,0,0
12359045:14959559:14961407,11:33:00,11:33:00,102279,6,2407,,0,0,1
12359045:14959559:14961407,11:33:00,11:33:00,102281,7,2634,,0,0,0
12359045:14959559:14961407,11:34:00,11:34:00,102284,8,2922,,0,0,0
12359045:14959559:14961407,11:35:00,11:35:00,102289,9,3498,,0,0,0
12359045:14959559:14961407,11:36:00,11:36:00,102298,10,4502,,0,0,0
12359045:14959559:14961407,11:37:00,11:37:00,102306,11,5020,,0,0,0
12359045:14959559:14961407,11:38:00,11:38:00,102341,12,5608,,0,0,0
12359045:14959559:14961407,11:38:00,11:38:00,102348,13,5890,,0,0,0
12359045:14959559:14961407,11:39:00,11:39:00,102363,14,6398,,0,0,0
12359045:14959559:14961407,11:40:00,11:40:00,102375,15,7195,,0,0,1
12359045:14959559:14961407,11:40:00,11:40:00,102377,16,7490,,0,0,0
12359045:14959559:14961407,11:41:00,11:41:00,102378,17,7956,,0,0,0
12359045:14959559:14961407,11:42:00,11:42:00,102380,18,8367,,0,0,0
12359045:14959559:14961407,11:42:00,11:42:00,102382,19,8692,,0,0,0
12359045:14959559:14961407,11:43:00,11:43:00,102391,20,8990,,0,0,0
12359045:14959559:14961407,11:43:00,11:43:00,102401,21,9225,,0,0,0
12359045:14959559:14961407,11:44:00,11:44:00,102396,22,9828,,0,0,0
12359045:14959559:14961407,11:44:00,11:44:00,102395,23,10033,,0,0,0
12359045:14959559:14961407,11:45:00,11:45:00,102388,24,10387,,0,0,0
12359045:14959559:14961407,11:46:00,11:46:00,102384,25,10864,,0,0,0
12359045:14959559:14961407,11:46:00,11:46:00,102383,26,11167,,0,0,0
12359045:14959559:14961407,11:47:00,11:47:00,102389,27,11635,,0,0,0
12359045:14959559:14961407,11:47:00,11:47:00,102399,28,11849,,0,0,0
12359045:14959559:14961407,11:48:00,11:48:00,102402,29,12020,,0,0,0
12359045:14959559:14961407,11:48:00,11:48:00,102412,30,12566,,0,0,0
12359045:14959559:14961407,11:49:00,11:49:00,102419,31,13125,,0,0,0
12359045:14959559:14961407,11:50:00,11:50:00,102425,32,13394,,0,0,0
12359045:14959559:14961407,11:50:00,11:50:00,102428,33,13572,,0,0,1
12359045:14959559:14961407,11:51:00,11:51:00,102424,34,13992,,0,0,0
12359045:14959559:14961407,11:51:00,11:51:00,102429,35,14386,,0,0,0
12359045:14959559:14961407,11:51:00,11:51:00,102431,36,14673,,0,0,0
12359045:14959559:14961407,11:52:00,11:52:00,102423,37,14993,,0,0,0
12359045:14959559:14961407,11:53:00,11:53:00,102415,38,15782,,0,0,0
12359045:14959559:14961407,11:53:00,11:53:00,102413,39,16154,,0,0,0
12359045:14959559:14961407,11:54:00,11:54:00,102409,40,16452,,0,0,0
12359045:14959559:14961407,11:54:00,11:54:00,102405,41,16887,,0,0,0
12359045:14959559:14961407,11:55:00,11:55:00,102400,42,17268,,0,0,0
12359045:14959559:14961407,11:55:00,11:55:00,102386,43,17579,,0,0,1
12359045:14959559:14961407,11:59:00,11:59:00,102304,44,21018,,0,0,0
12359045:14959559:14961407,11:59:00,11:59:00,102300,45,21237,,0,0,0
12359045:14959559:14961407,12:00:00,12:00:00,102283,46,21624,,0,0,0
12359045:14959559:14961407,12:00:00,12:00:00,102267,47,21950,,0,0,1
12359045:14959559:14961407,12:03:00,12:03:00,102248,48,22896,,0,0,0
12359045:14959559:14961407,12:05:00,12:05:00,102249,49,23561,,0,0,0
12359045:14959559:14961407,12:07:00,12:07:00,102259,50,23957,,0,0,0
12359045:14959559:14961407,12:08:00,12:08:00,100917,51,24363,,0,0,0
12359045:14959559:14961407,12:09:00,12:09:00,102280,52,24662,,0,0,0
12359045:14959559:14961407,12:10:00,12:10:00,102269,53,25001,,0,0,0
12359045:14959559:14961407,12:12:00,12:12:00,102253,54,25547,,1,0,1
12334093:14959617:14961538,14:40:00,14:40:00,102253,1,0,,0,0,1
12334093:14959617:14961538,14:41:00,14:41:00,102243,2,214,,0,0,0
12334093:14959617:14961538,14:43:00,14:43:00,102251,3,1130,,0,0,0
12334093:14959617:14961538,14:45:00,14:45:00,102257,4,1621,,0,0,0
12334093:14959617:14961538,14:46:00,14:46:00,102266,5,1926,,0,0,0
12334093:14959617:14961538,14:47:00,14:47:00,102279,6,2407,,0,0,1
12334093:14959617:14961538,14:47:00,14:47:00,102281,7,2634,,0,0,0
12334093:14959617:14961538,14:48:00,14:48:00,102284,8,2922,,0,0,0
12334093:14959617:14961538,14:48:00,14:48:00,102289,9,3498,,0,0,0
12334093:14959617:14961538,14:50:00,14:50:00,102298,10,4502,,0,0,0
12334093:14959617:14961538,14:50:00,14:50:00,102306,11,5020,,0,0,0
12334093:14959617:14961538,14:51:00,14:51:00,102341,12,5608,,0,0,0
12334093:14959617:14961538,14:51:00,14:51:00,102348,13,5890,,0,0,0
12334093:14959617:14961538,14:52:00,14:52:00,102363,14,6398,,0,0,0
12334093:14959617:14961538,14:53:00,14:53:00,102375,15,7195,,0,0,1
12334093:14959617:14961538,14:53:00,14:53:00,102377,16,7490,,0,0,0
12334093:14959617:14961538,14:54:00,14:54:00,102378,17,7956,,0,0,0
12334093:14959617:14961538,14:55:00,14:55:00,102380,18,8367,,0,0,0
12334093:14959617:14961538,14:55:00,14:55:00,102382,19,8692,,0,0,0
12334093:14959617:14961538,14:56:00,14:56:00,102391,20,8990,,0,0,0
12334093:14959617:14961538,14:56:00,14:56:00,102401,21,9225,,0,0,0
12334093:14959617:14961538,14:57:00,14:57:00,102396,22,9828,,0,0,0
12334093:14959617:14961538,14:57:00,14:57:00,102395,23,10033,,0,0,0
12334093:14959617:14961538,14:58:00,14:58:00,102388,24,10387,,0,0,0
12334093:14959617:14961538,14:59:00,14:59:00,102384,25,10864,,0,0,0
12334093:14959617:14961538,14:59:00,14:59:00,102383,26,11167,,0,0,0
12334093:14959617:14961538,15:00:00,15:00:00,102389,27,11635,,0,0,0
12334093:14959617:14961538,15:00:00,15:00:00,102399,28,11849,,0,0,0
12334093:14959617:14961538,15:01:00,15:01:00,102402,29,12020,,0,0,0
12334093:14959617:14961538,15:01:00,15:01:00,102412,30,12566,,0,0,0
12334093:14959617:14961538,15:02:00,15:02:00,102419,31,13125,,0,0,0
12334093:14959617:14961538,15:03:00,15:03:00,102425,32,13394,,0,0,0
12334093:14959617:14961538,15:03:00,15:03:00,102428,33,13572,,0,0,1
12334093:14959617:14961538,15:04:00,15:04:00,102424,34,13992,,0,0,0
12334093:14959617:14961538,15:04:00,15:04:00,102429,35,14386,,0,0,0
12334093:14959617:14961538,15:04:00,15:04:00,102431,36,14673,,0,0,0
12334093:14959617:14961538,15:05:00,15:05:00,102423,37,14993,,0,0,0
12334093:14959617:14961538,15:06:00,15:06:00,102415,38,15782,,0,0,0
12334093:14959617:14961538,15:06:00,15:06:00,102413,39,16154,,0,0,0
12334093:14959617:14961538,15:07:00,15:07:00,102409,40,16452,,0,0,0
12334093:14959617:14961538,15:07:00,15:07:00,102405,41,16887,,0,0,0
12334093:14959617:14961538,15:08:00,15:08:00,102400,42,17268,,0,0,0
12334093:14959617:14961538,15:08:00,15:08:00,102386,43,17579,,0,0,1
12334093:14959617:14961538,15:12:00,15:12:00,102304,44,21018,,0,0,0
12334093:14959617:14961538,15:12:00,15:12:00,102300,45,21237,,0,0,0
12334093:14959617:14961538,15:13:00,15:13:00,102283,46,21624,,0,0,0
12334093:14959617:14961538,15:13:00,15:13:00,102267,47,21950,,0,0,1
12334093:14959617:14961538,15:16:00,15:16:00,102248,48,22896,,0,0,0
12334093:14959617:14961538,15:18:00,15:18:00,102249,49,23561,,0,0,0
12334093:14959617:14961538,15:19:00,15:19:00,102259,50,23957,,0,0,0
12334093:14959617:14961538,15:20:00,15:20:00,100917,51,24363,,0,0,0
12334093:14959617:14961538,15:21:00,15:21:00,102280,52,24662,,0,0,0
12334093:14959617:14961538,15:22:00,15:22:00,102269,53,25001,,0,0,0
12334093:14959617:14961538,15:24:00,15:24:00,102253,54,25547,,1,0,1
11757610:14959670:14961475,11:27:00,11:27:00,102253,1,0,,0,0,1
11757610:14959670:14961514,11:27:00,11:27:00,102253,1,0,,0,0,1
11757610:14959670:14961475,11:28:00,11:28:00,102243,2,214,,0,0,0
11757610:14959670:14961514,11:28:00,11:28:00,102243,2,214,,0,0,0
11757610:14959670:14961475,11:30:00,11:30:00,102251,3,1130,,0,0,0
11757610:14959670:14961514,11:30:00,11:30:00,102251,3,1130,,0,0,0
11757610:14959670:14961475,11:31:00,11:31:00,102257,4,1621,,0,0,0
11757610:14959670:14961514,11:31:00,11:31:00,102257,4,1621,,0,0,0
11757610:14959670:14961475,11:32:00,11:32:00,102266,5,1926,,0,0,0
11757610:14959670:14961514,11:32:00,11:32:00,102266,5,1926,,0,0,0
11757610:14959670:14961475,11:33:00,11:33:00,102279,6,2407,,0,0,1
11757610:14959670:14961514,11:33:00,11:33:00,102279,6,2407,,0,0,1
11757610:14959670:14961475,11:33:00,11:33:00,102281,7,2634,,0,0,0
11757610:14959670:14961514,11:33:00,11:33:00,102281,7,2634,,0,0,0
11757610:14959670:14961475,11:34:00,11:34:00,102284,8,2922,,0,0,0
11757610:14959670:14961514,11:34:00,11:34:00,102284,8,2922,,0,0,0
11757610:14959670:14961475,11:35:00,11:35:00,102289,9,3498,,0,0,0
11757610:14959670:14961514,11:35:00,11:35:00,102289,9,3498,,0,0,0
11757610:14959670:14961475,11:36:00,11:36:00,102298,10,4502,,0,0,0
11757610:14959670:14961514,11:36:00,11:36:00,102298,10,4502,,0,0,0
11757610:14959670:14961475,11:37:00,11:37:00,102306,11,5020,,0,0,0
11757610:14959670:14961514,11:37:00,11:37:00,102306,11,5020,,0,0,0
11757610:14959670:14961475,11:38:00,11:38:00,102341,12,5608,,0,0,0
11757610:14959670:14961514,11:38:00,11:38:00,102341,12,5608,,0,0,0
11757610:14959670:14961475,11:38:00,11:38:00,102348,13,5890,,0,0,0
11757610:14959670:14961514,11:38:00,11:38:00,102348,13,5890,,0,0,0
11757610:14959670:14961475,11:39:00,11:39:00,102363,14,6398,,0,0,0
11757610:14959670:14961514,11:39:00,11:39:00,102363,14,6398,,0,0,0
11757610:14959670:14961475,11:40:00,11:40:00,102375,15,7195,,0,0,1
11757610:14959670:14961514,11:40:00,11:40:00,102375,15,7195,,0,0,1
11757610:14959670:14961475,11:40:00,11:40:00,102377,16,7490,,0,0,0
11757610:14959670:14961514,11:40:00,11:40:00,102377,16,7490,,0,0,0
11757610:14959670:14961475,11:41:00,11:41:00,102378,17,7956,,0,0,0
11757610:14959670:14961514,11:41:00,11:41:00,102378,17,7956,,0,0,0
11757610:14959670:14961475,11:42:00,11:42:00,102380,18,8367,,0,0,0
11757610:14959670:14961514,11:42:00,11:42:00,102380,18,8367,,0,0,0
11757610:14959670:14961475,11:42:00,11:42:00,102382,19,8692,,0,0,0
11757610:14959670:14961514,11:42:00,11:42:00,102382,19,8692,,0,0,0
11757610:14959670:14961475,11:43:00,11:43:00,102391,20,8990,,0,0,0
11757610:14959670:14961514,11:43:00,11:43:00,102391,20,8990,,0,0,0
11757610:14959670:14961475,11:43:00,11:43:00,102401,21,9225,,0,0,0
11757610:14959670:14961514,11:43:00,11:43:00,102401,21,9225,,0,0,0
11757610:14959670:14961475,11:44:00,11:44:00,102396,22,9828,,0,0,0
11757610:14959670:14961514,11:44:00,11:44:00,102396,22,9828,,0,0,0
11757610:14959670:14961475,11:45:00,11:45:00,102395,23,10033,,0,0,0
11757610:14959670:14961514,11:45:00,11:45:00,102395,23,10033,,0,0,0
11757610:14959670:14961475,11:45:00,11:45:00,102388,24,10387,,0,0,0
11757610:14959670:14961514,11:45:00,11:45:00,102388,24,10387,,0,0,0
11757610:14959670:14961475,11:46:00,11:46:00,102384,25,10864,,0,0,0
11757610:14959670:14961514,11:46:00,11:46:00,102384,25,10864,,0,0,0
11757610:14959670:14961475,11:46:00,11:46:00,102383,26,11167,,0,0,0
11757610:14959670:14961514,11:46:00,11:46:00,102383,26,11167,,0,0,0
11757610:14959670:14961475,11:47:00,11:47:00,102765,27,11650,,0,0,0
11757610:14959670:14961514,11:47:00,11:47:00,102765,27,11650,,0,0,0
11757610:14959670:14961475,11:55:00,11:55:00,102428,28,16484,,0,0,1
11757610:14959670:14961514,11:55:00,11:55:00,102428,28,16484,,0,0,1
11757610:14959670:14961475,11:56:00,11:56:00,102424,29,16904,,0,0,0
11757610:14959670:14961514,11:56:00,11:56:00,102424,29,16904,,0,0,0
11757610:14959670:14961475,11:56:00,11:56:00,102429,30,17298,,0,0,0
11757610:14959670:14961514,11:56:00,11:56:00,102429,30,17298,,0,0,0
11757610:14959670:14961475,11:56:00,11:56:00,102431,31,17585,,0,0,0
11757610:14959670:14961514,11:56:00,11:56:00,102431,31,17585,,0,0,0
11757610:14959670:14961475,11:57:00,11:57:00,102423,32,17905,,0,0,0
11757610:14959670:14961514,11:57:00,11:57:00,102423,32,17905,,0,0,0
11757610:14959670:14961475,11:58:00,11:58:00,102415,33,18694,,0,0,0
11757610:14959670:14961514,11:58:00,11:58:00,102415,33,18694,,0,0,0
11757610:14959670:14961475,11:58:00,11:58:00,102413,34,19066,,0,0,0
11757610:14959670:14961514,11:58:00,11:58:00,102413,34,19066,,0,0,0
11757610:14959670:14961475,11:59:00,11:59:00,102409,35,19364,,0,0,0
11757610:14959670:14961514,11:59:00,11:59:00,102409,35,19364,,0,0,0
11757610:14959670:14961475,11:59:00,11:59:00,102405,36,19799,,0,0,0
11757610:14959670:14961514,11:59:00,11:59:00,102405,36,19799,,0,0,0
11757610:14959670:14961475,12:00:00,12:00:00,102400,37,20180,,0,0,0
11757610:14959670:14961514,12:00:00,12:00:00,102400,37,20180,,0,0,0
11757610:14959670:14961475,12:00:00,12:00:00,102386,38,20491,,0,0,1
11757610:14959670:14961514,12:00:00,12:00:00,102386,38,20491,,0,0,1
11757610:14959670:14961475,12:04:00,12:04:00,102304,39,23930,,0,0,0
11757610:14959670:14961514,12:04:00,12:04:00,102304,39,23930,,0,0,0
11757610:14959670:14961475,12:04:00,12:04:00,102300,40,24149,,0,0,0
11757610:14959670:14961514,12:04:00,12:04:00,102300,40,24149,,0,0,0
11757610:14959670:14961475,12:05:00,12:05:00,102283,41,24536,,0,0,0
11757610:14959670:14961514,12:05:00,12:05:00,102283,41,24536,,0,0,0
11757610:14959670:14961475,12:05:00,12:05:00,102267,42,24862,,0,0,1
11757610:14959670:14961514,12:05:00,12:05:00,102267,42,24862,,0,0,1
11757610:14959670:14961475,12:08:00,12:08:00,102248,43,25808,,0,0,0
11757610:14959670:14961514,12:08:00,12:08:00,102248,43,25808,,0,0,0
11757610:14959670:14961475,12:10:00,12:10:00,102249,44,26473,,0,0,0
11757610:14959670:14961514,12:10:00,12:10:00,102249,44,26473,,0,0,0
11757610:14959670:14961475,12:12:00,12:12:00,102259,45,26869,,0,0,0
11757610:14959670:14961514,12:12:00,12:12:00,102259,45,26869,,0,0,0
11757610:14959670:14961475,12:13:00,12:13:00,100917,46,27275,,0,0,0
11757610:14959670:14961514,12:13:00,12:13:00,100917,46,27275,,0,0,0
11757610:14959670:14961475,12:14:00,12:14:00,102280,47,27574,,0,0,0
11757610:14959670:14961514,12:14:00,12:14:00,102280,47,27574,,0,0,0
11757610:14959670:14961475,12:15:00,12:15:00,102269,48,27913,,0,0,0
11757610:14959670:14961514,12:15:00,12:15:00,102269,48,27913,,0,0,0
11757610:14959670:14961475,12:17:00,12:17:00,102253,49,28459,,1,0,1
11757610:14959670:14961514,12:17:00,12:17:00,102253,49,28459,,1,0,1
12328901:14959673:14961500,14:40:00,14:40:00,102253,1,0,,0,0,1
12328901:14959673:14961500,14:41:00,14:41:00,102243,2,214,,0,0,0
12328901:14959673:14961500,14:43:00,14:43:00,102251,3,1130,,0,0,0
12328901:14959673:14961500,14:45:00,14:45:00,102257,4,1621,,0,0,0
12328901:14959673:14961500,14:46:00,14:46:00,102266,5,1926,,0,0,0
12328901:14959673:14961500,14:47:00,14:47:00,102279,6,2407,,0,0,1
12328901:14959673:14961500,14:47:00,14:47:00,102281,7,2634,,0,0,0
12328901:14959673:14961500,14:48:00,14:48:00,102284,8,2922,,0,0,0
12328901:14959673:14961500,14:48:00,14:48:00,102289,9,3498,,0,0,0
12328901:14959673:14961500,14:50:00,14:50:00,102298,10,4502,,0,0,0
12328901:14959673:14961500,14:50:00,14:50:00,102306,11,5020,,0,0,0
12328901:14959673:14961500,14:51:00,14:51:00,102341,12,5608,,0,0,0
12328901:14959673:14961500,14:51:00,14:51:00,102348,13,5890,,0,0,0
12328901:14959673:14961500,14:52:00,14:52:00,102363,14,6398,,0,0,0
12328901:14959673:14961500,14:53:00,14:53:00,102375,15,7195,,0,0,1
12328901:14959673:14961500,14:53:00,14:53:00,102377,16,7490,,0,0,0
12328901:14959673:14961500,14:54:00,14:54:00,102378,17,7956,,0,0,0
12328901:14959673:14961500,14:55:00,14:55:00,102380,18,8367,,0,0,0
12328901:14959673:14961500,14:55:00,14:55:00,102382,19,8692,,0,0,0
12328901:14959673:14961500,14:56:00,14:56:00,102391,20,8990,,0,0,0
12328901:14959673:14961500,14:56:00,14:56:00,102401,21,9225,,0,0,0
12328901:14959673:14961500,14:57:00,14:57:00,102396,22,9828,,0,0,0
12328901:14959673:14961500,14:58:00,14:58:00,102395,23,10033,,0,0,0
12328901:14959673:14961500,14:58:00,14:58:00,102388,24,10387,,0,0,0
12328901:14959673:14961500,14:59:00,14:59:00,102384,25,10864,,0,0,0
12328901:14959673:14961500,14:59:00,14:59:00,102383,26,11167,,0,0,0
12328901:14959673:14961500,15:00:00,15:00:00,102765,27,11650,,0,0,0
12328901:14959673:14961500,15:08:00,15:08:00,102428,28,16484,,0,0,1
12328901:14959673:14961500,15:09:00,15:09:00,102424,29,16904,,0,0,0
12328901:14959673:14961500,15:09:00,15:09:00,102429,30,17298,,0,0,0
12328901:14959673:14961500,15:09:00,15:09:00,102431,31,17585,,0,0,0
12328901:14959673:14961500,15:10:00,15:10:00,102423,32,17905,,0,0,0
12328901:14959673:14961500,15:11:00,15:11:00,102415,33,18694,,0,0,0
12328901:14959673:14961500,15:11:00,15:11:00,102413,34,19066,,0,0,0
12328901:14959673:14961500,15:12:00,15:12:00,102409,35,19364,,0,0,0
12328901:14959673:14961500,15:12:00,15:12:00,102405,36,19799,,0,0,0
12328901:14959673:14961500,15:13:00,15:13:00,102400,37,20180,,0,0,0
12328901:14959673:14961500,15:13:00,15:13:00,102386,38,20491,,0,0,1
12328901:14959673:14961500,15:17:00,15:17:00,102304,39,23930,,0,0,0
12328901:14959673:14961500,15:17:00,15:17:00,102300,40,24149,,0,0,0
12328901:14959673:14961500,15:18:00,15:18:00,102283,41,24536,,0,0,0
12328901:14959673:14961500,15:18:00,15:18:00,102267,42,24862,,0,0,1
12328901:14959673:14961500,15:21:00,15:21:00,102248,43,25808,,0,0,0
12328901:14959673:14961500,15:23:00,15:23:00,102249,44,26473,,0,0,0
12328901:14959673:14961500,15:24:00,15:24:00,102259,45,26869,,0,0,0
12328901:14959673:14961500,15:25:00,15:25:00,100917,46,27275,,0,0,0
12328901:14959673:14961500,15:26:00,15:26:00,102280,47,27574,,0,0,0
12328901:14959673:14961500,15:27:00,15:27:00,102269,48,27913,,0,0,0
12328901:14959673:14961500,15:29:00,15:29:00,102253,49,28459,,1,0,1
12328913:14959757:14961479,11:35:00,11:35:00,102253,1,0,,0,0,1
12328913:14959757:14961479,11:36:00,11:36:00,102243,2,214,,0,0,0
12328913:14959757:14961479,11:38:00,11:38:00,102251,3,1130,,0,0,0
12328913:14959757:14961479,11:39:00,11:39:00,102257,4,1621,,0,0,0
12328913:14959757:14961479,11:40:00,11:40:00,102266,5,1926,,0,0,0
12328913:14959757:14961479,11:41:00,11:41:00,102279,6,2407,,0,0,1
12328913:14959757:14961479,11:41:00,11:41:00,102281,7,2634,,0,0,0
12328913:14959757:14961479,11:42:00,11:42:00,102284,8,2922,,0,0,0
12328913:14959757:14961479,11:42:00,11:42:00,102289,9,3498,,0,0,0
12328913:14959757:14961479,11:44:00,11:44:00,102298,10,4502,,0,0,0
12328913:14959757:14961479,11:44:00,11:44:00,102306,11,5020,,0,0,0
12328913:14959757:14961479,11:45:00,11:45:00,102341,12,5608,,0,0,0
12328913:14959757:14961479,11:45:00,11:45:00,102348,13,5890,,0,0,0
12328913:14959757:14961479,11:46:00,11:46:00,102363,14,6398,,0,0,0
12328913:14959757:14961479,11:47:00,11:47:00,102375,15,7195,,0,0,1
12328913:14959757:14961479,11:47:00,11:47:00,102377,16,7490,,0,0,0
12328913:14959757:14961479,11:48:00,11:48:00,102378,17,7956,,0,0,0
12328913:14959757:14961479,11:49:00,11:49:00,102380,18,8367,,0,0,0
12328913:14959757:14961479,11:49:00,11:49:00,102382,19,8692,,0,0,0
12328913:14959757:14961479,11:50:00,11:50:00,102391,20,8990,,0,0,0
12328913:14959757:14961479,11:50:00,11:50:00,102401,21,9225,,0,0,0
12328913:14959757:14961479,11:51:00,11:51:00,102396,22,9828,,0,0,0
12328913:14959757:14961479,11:52:00,11:52:00,102395,23,10033,,0,0,0
12328913:14959757:14961479,11:52:00,11:52:00,102388,24,10387,,0,0,0
12328913:14959757:14961479,11:53:00,11:53:00,102384,25,10864,,0,0,0
12328913:14959757:14961479,11:53:00,11:53:00,102383,26,11167,,0,0,0
12328913:14959757:14961479,11:54:00,11:54:00,102765,27,11650,,0,0,0
12328913:14959757:14961479,12:02:00,12:02:00,102428,28,16484,,0,0,1
12328913:14959757:14961479,12:03:00,12:03:00,102424,29,16904,,0,0,0
12328913:14959757:14961479,12:03:00,12:03:00,102429,30,17298,,0,0,0
12328913:14959757:14961479,12:03:00,12:03:00,102431,31,17585,,0,0,0
12328913:14959757:14961479,12:04:00,12:04:00,102423,32,17905,,0,0,0
12328913:14959757:14961479,12:05:00,12:05:00,102415,33,18694,,0,0,0
12328913:14959757:14961479,12:05:00,12:05:00,102413,34,19066,,0,0,0
12328913:14959757:14961479,12:06:00,12:06:00,102409,35,19364,,0,0,0
12328913:14959757:14961479,12:06:00,12:06:00,102405,36,19799,,0,0,0
12328913:14959757:14961479,12:07:00,12:07:00,102400,37,20180,,0,0,0
12328913:14959757:14961479,12:07:00,12:07:00,102386,38,20491,,0,0,1
12328913:14959757:14961479,12:11:00,12:11:00,102304,39,23930,,0,0,0
12328913:14959757:14961479,12:11:00,12:11:00,102300,40,24149,,0,0,0
12328913:14959757:14961479,12:12:00,12:12:00,102283,41,24536,,0,0,0
12328913:14959757:14961479,12:12:00,12:12:00,102267,42,24862,,0,0,1
12328913:14959757:14961479,12:15:00,12:15:00,102248,43,25808,,0,0,0
12328913:14959757:14961479,12:17:00,12:17:00,102249,44,26473,,0,0,0
12328913:14959757:14961479,12:18:00,12:18:00,102259,45,26869,,0,0,0
12328913:14959757:14961479,12:19:00,12:19:00,100917,46,27275,,0,0,0
12328913:14959757:14961479,12:20:00,12:20:00,102280,47,27574,,0,0,0
12328913:14959757:14961479,12:21:00,12:21:00,102269,48,27913,,0,0,0
12328913:14959757:14961479,12:23:00,12:23:00,102253,49,28459,,1,0,1
11912132:14959764:14961358,09:27:00,09:27:00,102253,1,0,,0,0,1
11912132:14959764:14961377,09:27:00,09:27:00,102253,1,0,,0,0,1
11912132:14959764:14961358,09:28:00,09:28:00,102243,2,214,,0,0,0
11912132:14959764:14961377,09:28:00,09:28:00,102243,2,214,,0,0,0
11912132:14959764:14961358,09:30:00,09:30:00,102251,3,1130,,0,0,0
11912132:14959764:14961377,09:30:00,09:30:00,102251,3,1130,,0,0,0
11912132:14959764:14961358,09:31:00,09:31:00,102257,4,1621,,0,0,0
11912132:14959764:14961377,09:31:00,09:31:00,102257,4,1621,,0,0,0
11912132:14959764:14961358,09:32:00,09:32:00,102266,5,1926,,0,0,0
11912132:14959764:14961377,09:32:00,09:32:00,102266,5,1926,,0,0,0
11912132:14959764:14961358,09:33:00,09:33:00,102279,6,2407,,0,0,1
11912132:14959764:14961377,09:33:00,09:33:00,102279,6,2407,,0,0,1
11912132:14959764:14961358,09:33:00,09:33:00,102281,7,2634,,0,0,0
11912132:14959764:14961377,09:33:00,09:33:00,102281,7,2634,,0,0,0
11912132:14959764:14961358,09:34:00,09:34:00,102284,8,2922,,0,0,0
11912132:14959764:14961377,09:34:00,09:34:00,102284,8,2922,,0,0,0
11912132:14959764:14961358,09:35:00,09:35:00,102289,9,3498,,0,0,0
11912132:14959764:14961377,09:35:00,09:35:00,102289,9,3498,,0,0,0
11912132:14959764:14961358,09:36:00,09:36:00,102298,10,4502,,0,0,0
11912132:14959764:14961377,09:36:00,09:36:00,102298,10,4502,,0,0,0
11912132:14959764:14961358,09:37:00,09:37:00,102306,11,5020,,0,0,0
11912132:14959764:14961377,09:37:00,09:37:00,102306,11,5020,,0,0,0
11912132:14959764:14961358,09:38:00,09:38:00,102341,12,5608,,0,0,0
11912132:14959764:14961377,09:38:00,09:38:00,102341,12,5608,,0,0,0
11912132:14959764:14961358,09:38:00,09:38:00,102348,13,5890,,0,0,0
11912132:14959764:14961377,09:38:00,09:38:00,102348,13,5890,,0,0,0
11912132:14959764:14961358,09:39:00,09:39:00,102363,14,6398,,0,0,0
11912132:14959764:14961377,09:39:00,09:39:00,102363,14,6398,,0,0,0
11912132:14959764:14961358,09:40:00,09:40:00,102375,15,7195,,0,0,1
11912132:14959764:14961377,09:40:00,09:40:00,102375,15,7195,,0,0,1
11912132:14959764:14961358,09:40:00,09:40:00,102377,16,7490,,0,0,0
11912132:14959764:14961377,09:40:00,09:40:00,102377,16,7490,,0,0,0
11912132:14959764:14961358,09:41:00,09:41:00,102378,17,7956,,0,0,0
11912132:14959764:14961377,09:41:00,09:41:00,102378,17,7956,,0,0,0
11912132:14959764:14961358,09:42:00,09:42:00,102380,18,8367,,0,0,0
11912132:14959764:14961377,09:42:00,09:42:00,102380,18,8367,,0,0,0
11912132:14959764:14961358,09:42:00,09:42:00,102382,19,8692,,0,0,0
11912132:14959764:14961377,09:42:00,09:42:00,102382,19,8692,,0,0,0
11912132:14959764:14961358,09:43:00,09:43:00,102391,20,8990,,0,0,0
11912132:14959764:14961377,09:43:00,09:43:00,102391,20,8990,,0,0,0
11912132:14959764:14961358,09:43:00,09:43:00,102401,21,9225,,0,0,0
11912132:14959764:14961377,09:43:00,09:43:00,102401,21,9225,,0,0,0
11912132:14959764:14961358,09:44:00,09:44:00,102396,22,9828,,0,0,0
11912132:14959764:14961377,09:44:00,09:44:00,102396,22,9828,,0,0,0
11912132:14959764:14961358,09:44:00,09:44:00,102395,23,10033,,0,0,0
11912132:14959764:14961377,09:44:00,09:44:00,102395,23,10033,,0,0,0
11912132:14959764:14961358,09:45:00,09:45:00,102388,24,10387,,0,0,0
11912132:14959764:14961377,09:45:00,09:45:00,102388,24,10387,,0,0,0
11912132:14959764:14961358,09:46:00,09:46:00,102384,25,10864,,0,0,0
11912132:14959764:14961377,09:46:00,09:46:00,102384,25,10864,,0,0,0
11912132:14959764:14961358,09:46:00,09:46:00,102383,26,11167,,0,0,0
11912132:14959764:14961377,09:46:00,09:46:00,102383,26,11167,,0,0,0
11912132:14959764:14961358,09:47:00,09:47:00,102389,27,11635,,0,0,0
11912132:14959764:14961377,09:47:00,09:47:00,102389,27,11635,,0,0,0
11912132:14959764:14961358,09:47:00,09:47:00,102399,28,11849,,0,0,0
11912132:14959764:14961377,09:47:00,09:47:00,102399,28,11849,,0,0,0
11912132:14959764:14961358,09:48:00,09:48:00,102402,29,12020,,0,0,0
11912132:14959764:14961377,09:48:00,09:48:00,102402,29,12020,,0,0,0
11912132:14959764:14961358,09:48:00,09:48:00,102412,30,12566,,0,0,0
11912132:14959764:14961377,09:48:00,09:48:00,102412,30,12566,,0,0,0
11912132:14959764:14961358,09:49:00,09:49:00,102419,31,13125,,0,0,0
11912132:14959764:14961377,09:49:00,09:49:00,102419,31,13125,,0,0,0
11912132:14959764:14961358,09:50:00,09:50:00,102425,32,13394,,0,0,0
11912132:14959764:14961377,09:50:00,09:50:00,102425,32,13394,,0,0,0
11912132:14959764:14961358,09:50:00,09:50:00,102428,33,13572,,0,0,1
11912132:14959764:14961377,09:50:00,09:50:00,102428,33,13572,,0,0,1
11912132:14959764:14961358,09:51:00,09:51:00,102424,34,13992,,0,0,0
11912132:14959764:14961377,09:51:00,09:51:00,102424,34,13992,,0,0,0
11912132:14959764:14961358,09:51:00,09:51:00,102429,35,14386,,0,0,0
11912132:14959764:14961377,09:51:00,09:51:00,102429,35,14386,,0,0,0
11912132:14959764:14961358,09:51:00,09:51:00,102431,36,14673,,0,0,0
11912132:14959764:14961377,09:51:00,09:51:00,102431,36,14673,,0,0,0
11912132:14959764:14961358,09:52:00,09:52:00,102423,37,14993,,0,0,0
11912132:14959764:14961377,09:52:00,09:52:00,102423,37,14993,,0,0,0
11912132:14959764:14961358,09:53:00,09:53:00,102415,38,15782,,0,0,0
11912132:14959764:14961377,09:53:00,09:53:00,102415,38,15782,,0,0,0
11912132:14959764:14961358,09:53:00,09:53:00,102413,39,16154,,0,0,0
11912132:14959764:14961377,09:53:00,09:53:00,102413,39,16154,,0,0,0
11912132:14959764:14961358,09:54:00,09:54:00,102409,40,16452,,0,0,0
11912132:14959764:14961377,09:54:00,09:54:00,102409,40,16452,,0,0,0
11912132:14959764:14961358,09:54:00,09:54:00,102405,41,16887,,0,0,0
11912132:14959764:14961377,09:54:00,09:54:00,102405,41,16887,,0,0,0
11912132:14959764:14961358,09:55:00,09:55:00,102400,42,17268,,0,0,0
11912132:14959764:14961377,09:55:00,09:55:00,102400,42,17268,,0,0,0
11912132:14959764:14961358,09:55:00,09:55:00,102386,43,17579,,0,0,1
11912132:14959764:14961377,09:55:00,09:55:00,102386,43,17579,,0,0,1
11912132:14959764:14961358,09:59:00,09:59:00,102304,44,21018,,0,0,0
11912132:14959764:14961377,09:59:00,09:59:00,102304,44,21018,,0,0,0
11912132:14959764:14961358,09:59:00,09:59:00,102300,45,21237,,0,0,0
11912132:14959764:14961377,09:59:00,09:59:00,102300,45,21237,,0,0,0
11912132:14959764:14961358,10:00:00,10:00:00,102283,46,21624,,0,0,0
11912132:14959764:14961377,10:00:00,10:00:00,102283,46,21624,,0,0,0
11912132:14959764:14961358,10:00:00,10:00:00,102267,47,21950,,0,0,1
11912132:14959764:14961377,10:00:00,10:00:00,102267,47,21950,,0,0,1
11912132:14959764:14961358,10:03:00,10:03:00,102248,48,22896,,0,0,0
11912132:14959764:14961377,10:03:00,10:03:00,102248,48,22896,,0,0,0
11912132:14959764:14961358,10:05:00,10:05:00,102249,49,23561,,0,0,0
11912132:14959764:14961377,10:05:00,10:05:00,102249,49,23561,,0,0,0
11912132:14959764:14961358,10:06:00,10:06:00,102259,50,23957,,0,0,0
11912132:14959764:14961377,10:06:00,10:06:00,102259,50,23957,,0,0,0
11912132:14959764:14961358,10:07:00,10:07:00,100917,51,24363,,0,0,0
11912132:14959764:14961377,10:07:00,10:07:00,100917,51,24363,,0,0,0
11912132:14959764:14961358,10:08:00,10:08:00,102280,52,24662,,0,0,0
11912132:14959764:14961377,10:08:00,10:08:00,102280,52,24662,,0,0,0
11912132:14959764:14961358,10:09:00,10:09:00,102269,53,25001,,0,0,0
11912132:14959764:14961377,10:09:00,10:09:00,102269,53,25001,,0,0,0
11912132:14959764:14961358,10:11:00,10:11:00,102253,54,25547,,1,0,1
11912132:14959764:14961377,10:11:00,10:11:00,102253,54,25547,,1,0,1
12334091:14959823:14961521,08:35:00,08:35:00,102253,1,0,,0,0,1
12334091:14959823:14961521,08:36:00,08:36:00,102243,2,214,,0,0,0
12334091:14959823:14961521,08:38:00,08:38:00,102251,3,1130,,0,0,0
12334091:14959823:14961521,08:39:00,08:39:00,102257,4,1621,,0,0,0
12334091:14959823:14961521,08:40:00,08:40:00,102266,5,1926,,0,0,0
12334091:14959823:14961521,08:41:00,08:41:00,102279,6,2407,,0,0,1
12334091:14959823:14961521,08:41:00,08:41:00,102281,7,2634,,0,0,0
12334091:14959823:14961521,08:42:00,08:42:00,102284,8,2922,,0,0,0
12334091:14959823:14961521,08:42:00,08:42:00,102289,9,3498,,0,0,0
12334091:14959823:14961521,08:44:00,08:44:00,102298,10,4502,,0,0,0
12334091:14959823:14961521,08:44:00,08:44:00,102306,11,5020,,0,0,0
12334091:14959823:14961521,08:45:00,08:45:00,102341,12,5608,,0,0,0
12334091:14959823:14961521,08:45:00,08:45:00,102348,13,5890,,0,0,0
12334091:14959823:14961521,08:46:00,08:46:00,102363,14,6398,,0,0,0
12334091:14959823:14961521,08:47:00,08:47:00,102375,15,7195,,0,0,1
12334091:14959823:14961521,08:47:00,08:47:00,102377,16,7490,,0,0,0
12334091:14959823:14961521,08:48:00,08:48:00,102378,17,7956,,0,0,0
12334091:14959823:14961521,08:49:00,08:49:00,102380,18,8367,,0,0,0
12334091:14959823:14961521,08:49:00,08:49:00,102382,19,8692,,0,0,0
12334091:14959823:14961521,08:50:00,08:50:00,102391,20,8990,,0,0,0
12334091:14959823:14961521,08:50:00,08:50:00,102401,21,9225,,0,0,0
12334091:14959823:14961521,08:51:00,08:51:00,102396,22,9828,,0,0,0
12334091:14959823:14961521,08:51:00,08:51:00,102395,23,10033,,0,0,0
12334091:14959823:14961521,08:52:00,08:52:00,102388,24,10387,,0,0,0
12334091:14959823:14961521,08:53:00,08:53:00,102384,25,10864,,0,0,0
12334091:14959823:14961521,08:53:00,08:53:00,102383,26,11167,,0,0,0
12334091:14959823:14961521,08:54:00,08:54:00,102389,27,11635,,0,0,0
12334091:14959823:14961521,08:54:00,08:54:00,102399,28,11849,,0,0,0
12334091:14959823:14961521,08:55:00,08:55:00,102402,29,12020,,0,0,0
12334091:14959823:14961521,08:55:00,08:55:00,102412,30,12566,,0,0,0
12334091:14959823:14961521,08:56:00,08:56:00,102419,31,13125,,0,0,0
12334091:14959823:14961521,08:57:00,08:57:00,102425,32,13394,,0,0,0
12334091:14959823:14961521,08:57:00,08:57:00,102428,33,13572,,0,0,1
12334091:14959823:14961521,08:58:00,08:58:00,102424,34,13992,,0,0,0
12334091:14959823:14961521,08:58:00,08:58:00,102429,35,14386,,0,0,0
12334091:14959823:14961521,08:58:00,08:58:00,102431,36,14673,,0,0,0
12334091:14959823:14961521,08:59:00,08:59:00,102423,37,14993,,0,0,0
12334091:14959823:14961521,09:00:00,09:00:00,102415,38,15782,,0,0,0
12334091:14959823:14961521,09:00:00,09:00:00,102413,39,16154,,0,0,0
12334091:14959823:14961521,09:01:00,09:01:00,102409,40,16452,,0,0,0
12334091:14959823:14961521,09:01:00,09:01:00,102405,41,16887,,0,0,0
12334091:14959823:14961521,09:02:00,09:02:00,102400,42,17268,,0,0,0
12334091:14959823:14961521,09:02:00,09:02:00,102386,43,17579,,0,0,1
12334091:14959823:14961521,09:06:00,09:06:00,102304,44,21018,,0,0,0
12334091:14959823:14961521,09:06:00,09:06:00,102300,45,21237,,0,0,0
12334091:14959823:14961521,09:07:00,09:07:00,102283,46,21624,,0,0,0
12334091:14959823:14961521,09:07:00,09:07:00,102267,47,21950,,0,0,1
12334091:14959823:14961521,09:10:00,09:10:00,102248,48,22896,,0,0,0
12334091:14959823:14961521,09:12:00,09:12:00,102249,49,23561,,0,0,0
12334091:14959823:14961521,09:13:00,09:13:00,102259,50,23957,,0,0,0
12334091:14959823:14961521,09:14:00,09:14:00,100917,51,24363,,0,0,0
12334091:14959823:14961521,09:15:00,09:15:00,102280,52,24662,,0,0,0
12334091:14959823:14961521,09:15:00,09:15:00,102269,53,25001,,0,0,0
12334091:14959823:14961521,09:17:00,09:17:00,102253,54,25547,,1,0,1
12339443:14959937:14961454,17:40:00,17:40:00,102253,1,0,,0,0,1
12339443:14959937:14961454,17:41:00,17:41:00,102243,2,214,,0,0,0
12339443:14959937:14961454,17:43:00,17:43:00,102251,3,1130,,0,0,0
12339443:14959937:14961454,17:44:00,17:44:00,102257,4,1621,,0,0,0
12339443:14959937:14961454,17:45:00,17:45:00,102266,5,1926,,0,0,0
12339443:14959937:14961454,17:46:00,17:46:00,102279,6,2407,,0,0,1
12339443:14959937:14961454,17:46:00,17:46:00,102281,7,2634,,0,0,0
12339443:14959937:14961454,17:47:00,17:47:00,102284,8,2922,,0,0,0
12339443:14959937:14961454,17:47:00,17:47:00,102289,9,3498,,0,0,0
12339443:14959937:14961454,17:49:00,17:49:00,102298,10,4502,,0,0,0
12339443:14959937:14961454,17:49:00,17:49:00,102306,11,5020,,0,0,0
12339443:14959937:14961454,17:50:00,17:50:00,102341,12,5608,,0,0,0
12339443:14959937:14961454,17:50:00,17:50:00,102348,13,5890,,0,0,0
12339443:14959937:14961454,17:51:00,17:51:00,102363,14,6398,,0,0,0
12339443:14959937:14961454,17:52:00,17:52:00,102375,15,7195,,0,0,1
12339443:14959937:14961454,17:52:00,17:52:00,102377,16,7490,,0,0,0
12339443:14959937:14961454,17:53:00,17:53:00,102378,17,7956,,0,0,0
12339443:14959937:14961454,17:54:00,17:54:00,102380,18,8367,,0,0,0
12339443:14959937:14961454,17:54:00,17:54:00,102382,19,8692,,0,0,0
12339443:14959937:14961454,17:55:00,17:55:00,102391,20,8990,,0,0,0
12339443:14959937:14961454,17:55:00,17:55:00,102401,21,9225,,0,0,0
12339443:14959937:14961454,17:56:00,17:56:00,102396,22,9828,,0,0,0
12339443:14959937:14961454,17:56:00,17:56:00,102395,23,10033,,0,0,0
12339443:14959937:14961454,17:57:00,17:57:00,102388,24,10387,,0,0,0
12339443:14959937:14961454,17:58:00,17:58:00,102384,25,10864,,0,0,0
12339443:14959937:14961454,17:58:00,17:58:00,102383,26,11167,,0,0,0
12339443:14959937:14961454,17:59:00,17:59:00,102389,27,11635,,0,0,0
12339443:14959937:14961454,17:59:00,17:59:00,102399,28,11849,,0,0,0
12339443:14959937:14961454,18:00:00,18:00:00,102402,29,12020,,0,0,0
12339443:14959937:14961454,18:00:00,18:00:00,102412,30,12566,,0,0,0
12339443:14959937:14961454,18:01:00,18:01:00,102419,31,13125,,0,0,0
12339443:14959937:14961454,18:02:00,18:02:00,102425,32,13394,,0,0,0
12339443:14959937:14961454,18:02:00,18:02:00,102428,33,13572,,0,0,1
12339443:14959937:14961454,18:03:00,18:03:00,102424,34,13992,,0,0,0
12339443:14959937:14961454,18:03:00,18:03:00,102429,35,14386,,0,0,0
12339443:14959937:14961454,18:03:00,18:03:00,102431,36,14673,,0,0,0
12339443:14959937:14961454,18:04:00,18:04:00,102423,37,14993,,0,0,0
12339443:14959937:14961454,18:05:00,18:05:00,102415,38,15782,,0,0,0
12339443:14959937:14961454,18:05:00,18:05:00,102413,39,16154,,0,0,0
12339443:14959937:14961454,18:06:00,18:06:00,102409,40,16452,,0,0,0
12339443:14959937:14961454,18:06:00,18:06:00,102405,41,16887,,0,0,0
12339443:14959937:14961454,18:07:00,18:07:00,102400,42,17268,,0,0,0
12339443:14959937:14961454,18:07:00,18:07:00,102386,43,17579,,0,0,1
12339443:14959937:14961454,18:11:00,18:11:00,102304,44,21018,,0,0,0
12339443:14959937:14961454,18:11:00,18:11:00,102300,45,21237,,0,0,0
12339443:14959937:14961454,18:12:00,18:12:00,102283,46,21624,,0,0,0
12339443:14959937:14961454,18:12:00,18:12:00,102267,47,21950,,0,0,1
12339443:14959937:14961454,18:15:00,18:15:00,102248,48,22896,,0,0,0
12339443:14959937:14961454,18:17:00,18:17:00,102249,49,23561,,0,0,0
12339443:14959937:14961454,18:18:00,18:18:00,102259,50,23957,,0,0,0
12339443:14959937:14961454,18:19:00,18:19:00,100917,51,24363,,0,0,0
12339443:14959937:14961454,18:20:00,18:20:00,102280,52,24662,,0,0,0
12339443:14959937:14961454,18:20:00,18:20:00,102269,53,25001,,0,0,0
12339443:14959937:14961454,18:22:00,18:22:00,102253,54,25547,,1,0,1
11912222:14960013:14961415,19:27:00,19:27:00,102253,1,0,,0,0,1
11912222:14960013:14961456,19:27:00,19:27:00,102253,1,0,,0,0,1
11912222:14960013:14961415,19:28:00,19:28:00,102243,2,214,,0,0,0
11912222:14960013:14961456,19:28:00,19:28:00,102243,2,214,,0,0,0
11912222:14960013:14961415,19:30:00,19:30:00,102251,3,1130,,0,0,0
11912222:14960013:14961456,19:30:00,19:30:00,102251,3,1130,,0,0,0
11912222:14960013:14961415,19:31:00,19:31:00,102257,4,1621,,0,0,0
11912222:14960013:14961456,19:31:00,19:31:00,102257,4,1621,,0,0,0
11912222:14960013:14961415,19:32:00,19:32:00,102266,5,1926,,0,0,0
11912222:14960013:14961456,19:32:00,19:32:00,102266,5,1926,,0,0,0
11912222:14960013:14961415,19:33:00,19:33:00,102279,6,2407,,0,0,1
11912222:14960013:14961456,19:33:00,19:33:00,102279,6,2407,,0,0,1
11912222:14960013:14961415,19:33:00,19:33:00,102281,7,2634,,0,0,0
11912222:14960013:14961456,19:33:00,19:33:00,102281,7,2634,,0,0,0
11912222:14960013:14961415,19:34:00,19:34:00,102284,8,2922,,0,0,0
11912222:14960013:14961456,19:34:00,19:34:00,102284,8,2922,,0,0,0
11912222:14960013:14961415,19:34:00,19:34:00,102289,9,3498,,0,0,0
11912222:14960013:14961456,19:34:00,19:34:00,102289,9,3498,,0,0,0
11912222:14960013:14961415,19:36:00,19:36:00,102298,10,4502,,0,0,0
11912222:14960013:14961456,19:36:00,19:36:00,102298,10,4502,,0,0,0
11912222:14960013:14961415,19:36:00,19:36:00,102306,11,5020,,0,0,0
11912222:14960013:14961456,19:36:00,19:36:00,102306,11,5020,,0,0,0
11912222:14960013:14961415,19:37:00,19:37:00,102341,12,5608,,0,0,0
11912222:14960013:14961456,19:37:00,19:37:00,102341,12,5608,,0,0,0
11912222:14960013:14961415,19:37:00,19:37:00,102348,13,5890,,0,0,0
11912222:14960013:14961456,19:37:00,19:37:00,102348,13,5890,,0,0,0
11912222:14960013:14961415,19:38:00,19:38:00,102363,14,6398,,0,0,0
11912222:14960013:14961456,19:38:00,19:38:00,102363,14,6398,,0,0,0
11912222:14960013:14961415,19:39:00,19:39:00,102375,15,7195,,0,0,1
11912222:14960013:14961456,19:39:00,19:39:00,102375,15,7195,,0,0,1
11912222:14960013:14961415,19:39:00,19:39:00,102377,16,7490,,0,0,0
11912222:14960013:14961456,19:39:00,19:39:00,102377,16,7490,,0,0,0
11912222:14960013:14961415,19:40:00,19:40:00,102378,17,7956,,0,0,0
11912222:14960013:14961456,19:40:00,19:40:00,102378,17,7956,,0,0,0
11912222:14960013:14961415,19:41:00,19:41:00,102380,18,8367,,0,0,0
11912222:14960013:14961456,19:41:00,19:41:00,102380,18,8367,,0,0,0
11912222:14960013:14961415,19:41:00,19:41:00,102382,19,8692,,0,0,0
11912222:14960013:14961456,19:41:00,19:41:00,102382,19,8692,,0,0,0
11912222:14960013:14961415,19:42:00,19:42:00,102391,20,8990,,0,0,0
11912222:14960013:14961456,19:42:00,19:42:00,102391,20,8990,,0,0,0
11912222:14960013:14961415,19:42:00,19:42:00,102401,21,9225,,0,0,0
11912222:14960013:14961456,19:42:00,19:42:00,102401,21,9225,,0,0,0
11912222:14960013:14961415,19:43:00,19:43:00,102396,22,9828,,0,0,0
11912222:14960013:14961456,19:43:00,19:43:00,102396,22,9828,,0,0,0
11912222:14960013:14961415,19:43:00,19:43:00,102395,23,10033,,0,0,0
11912222:14960013:14961456,19:43:00,19:43:00,102395,23,10033,,0,0,0
11912222:14960013:14961415,19:44:00,19:44:00,102388,24,10387,,0,0,0
11912222:14960013:14961456,19:44:00,19:44:00,102388,24,10387,,0,0,0
11912222:14960013:14961415,19:45:00,19:45:00,102384,25,10864,,0,0,0
11912222:14960013:14961456,19:45:00,19:45:00,102384,25,10864,,0,0,0
11912222:14960013:14961415,19:45:00,19:45:00,102383,26,11167,,0,0,0
11912222:14960013:14961456,19:45:00,19:45:00,102383,26,11167,,0,0,0
11912222:14960013:14961415,19:46:00,19:46:00,102389,27,11635,,0,0,0
11912222:14960013:14961456,19:46:00,19:46:00,102389,27,11635,,0,0,0
11912222:14960013:14961415,19:46:00,19:46:00,102399,28,11849,,0,0,0
11912222:14960013:14961456,19:46:00,19:46:00,102399,28,11849,,0,0,0
11912222:14960013:14961415,19:47:00,19:47:00,102402,29,12020,,0,0,0
11912222:14960013:14961456,19:47:00,19:47:00,102402,29,12020,,0,0,0
11912222:14960013:14961415,19:47:00,19:47:00,102412,30,12566,,0,0,0
11912222:14960013:14961456,19:47:00,19:47:00,102412,30,12566,,0,0,0
11912222:14960013:14961415,19:48:00,19:48:00,102419,31,13125,,0,0,0
11912222:14960013:14961456,19:48:00,19:48:00,102419,31,13125,,0,0,0
11912222:14960013:14961415,19:49:00,19:49:00,102425,32,13394,,0,0,0
11912222:14960013:14961456,19:49:00,19:49:00,102425,32,13394,,0,0,0
11912222:14960013:14961415,19:49:00,19:49:00,102428,33,13572,,0,0,1
11912222:14960013:14961456,19:49:00,19:49:00,102428,33,13572,,0,0,1
11912222:14960013:14961415,19:50:00,19:50:00,102424,34,13992,,0,0,0
11912222:14960013:14961456,19:50:00,19:50:00,102424,34,13992,,0,0,0
11912222:14960013:14961415,19:50:00,19:50:00,102429,35,14386,,0,0,0
11912222:14960013:14961456,19:50:00,19:50:00,102429,35,14386,,0,0,0
11912222:14960013:14961415,19:50:00,19:50:00,102431,36,14673,,0,0,0
11912222:14960013:14961456,19:50:00,19:50:00,102431,36,14673,,0,0,0
11912222:14960013:14961415,19:51:00,19:51:00,102423,37,14993,,0,0,0
11912222:14960013:14961456,19:51:00,19:51:00,102423,37,14993,,0,0,0
11912222:14960013:14961415,19:52:00,19:52:00,102415,38,15782,,0,0,0
11912222:14960013:14961456,19:52:00,19:52:00,102415,38,15782,,0,0,0
11912222:14960013:14961415,19:52:00,19:52:00,102413,39,16154,,0,0,0
11912222:14960013:14961456,19:52:00,19:52:00,102413,39,16154,,0,0,0
11912222:14960013:14961415,19:53:00,19:53:00,102409,40,16452,,0,0,0
11912222:14960013:14961456,19:53:00,19:53:00,102409,40,16452,,0,0,0
11912222:14960013:14961415,19:53:00,19:53:00,102405,41,16887,,0,0,0
11912222:14960013:14961456,19:53:00,19:53:00,102405,41,16887,,0,0,0
11912222:14960013:14961415,19:54:00,19:54:00,102400,42,17268,,0,0,0
11912222:14960013:14961456,19:54:00,19:54:00,102400,42,17268,,0,0,0
11912222:14960013:14961415,19:54:00,19:54:00,102386,43,17579,,0,0,1
11912222:14960013:14961456,19:54:00,19:54:00,102386,43,17579,,0,0,1
11912222:14960013:14961415,19:58:00,19:58:00,102304,44,21018,,0,0,0
11912222:14960013:14961456,19:58:00,19:58:00,102304,44,21018,,0,0,0
11912222:14960013:14961415,19:58:00,19:58:00,102300,45,21237,,0,0,0
11912222:14960013:14961456,19:58:00,19:58:00,102300,45,21237,,0,0,0
11912222:14960013:14961415,19:59:00,19:59:00,102283,46,21624,,0,0,0
11912222:14960013:14961456,19:59:00,19:59:00,102283,46,21624,,0,0,0
11912222:14960013:14961415,19:59:00,19:59:00,102267,47,21950,,0,0,1
11912222:14960013:14961456,19:59:00,19:59:00,102267,47,21950,,0,0,1
11912222:14960013:14961415,20:01:00,20:01:00,102248,48,22896,,0,0,0
11912222:14960013:14961456,20:01:00,20:01:00,102248,48,22896,,0,0,0
11912222:14960013:14961415,20:03:00,20:03:00,102249,49,23561,,0,0,0
11912222:14960013:14961456,20:03:00,20:03:00,102249,49,23561,,0,0,0
11912222:14960013:14961415,20:04:00,20:04:00,102259,50,23957,,0,0,0
11912222:14960013:14961456,20:04:00,20:04:00,102259,50,23957,,0,0,0
11912222:14960013:14961415,20:05:00,20:05:00,100917,51,24363,,0,0,0
11912222:14960013:14961456,20:05:00,20:05:00,100917,51,24363,,0,0,0
11912222:14960013:14961415,20:06:00,20:06:00,102280,52,24662,,0,0,0
11912222:14960013:14961456,20:06:00,20:06:00,102280,52,24662,,0,0,0
11912222:14960013:14961415,20:07:00,20:07:00,102269,53,25001,,0,0,0
11912222:14960013:14961456,20:07:00,20:07:00,102269,53,25001,,0,0,0
11912222:14960013:14961415,20:08:00,20:08:00,102253,54,25547,,1,0,1
11912222:14960013:14961456,20:08:00,20:08:00,102253,54,25547,,1,0,1
11912144:14960037:14961423,11:27:00,11:27:00,102253,1,0,,0,0,1
11912144:14960037:14961433,11:27:00,11:27:00,102253,1,0,,0,0,1
11912144:14960037:14961423,11:28:00,11:28:00,102243,2,214,,0,0,0
11912144:14960037:14961433,11:28:00,11:28:00,102243,2,214,,0,0,0
11912144:14960037:14961423,11:30:00,11:30:00,102251,3,1130,,0,0,0
11912144:14960037:14961433,11:30:00,11:30:00,102251,3,1130,,0,0,0
11912144:14960037:14961423,11:31:00,11:31:00,102257,4,1621,,0,0,0
11912144:14960037:14961433,11:31:00,11:31:00,102257,4,1621,,0,0,0
11912144:14960037:14961423,11:32:00,11:32:00,102266,5,1926,,0,0,0
11912144:14960037:14961433,11:32:00,11:32:00,102266,5,1926,,0,0,0
11912144:14960037:14961423,11:33:00,11:33:00,102279,6,2407,,0,0,1
11912144:14960037:14961433,11:33:00,11:33:00,102279,6,2407,,0,0,1
11912144:14960037:14961423,11:33:00,11:33:00,102281,7,2634,,0,0,0
11912144:14960037:14961433,11:33:00,11:33:00,102281,7,2634,,0,0,0
11912144:14960037:14961423,11:34:00,11:34:00,102284,8,2922,,0,0,0
11912144:14960037:14961433,11:34:00,11:34:00,102284,8,2922,,0,0,0
11912144:14960037:14961423,11:35:00,11:35:00,102289,9,3498,,0,0,0
11912144:14960037:14961433,11:35:00,11:35:00,102289,9,3498,,0,0,0
11912144:14960037:14961423,11:36:00,11:36:00,102298,10,4502,,0,0,0
11912144:14960037:14961433,11:36:00,11:36:00,102298,10,4502,,0,0,0
11912144:14960037:14961423,11:37:00,11:37:00,102306,11,5020,,0,0,0
11912144:14960037:14961433,11:37:00,11:37:00,102306,11,5020,,0,0,0
11912144:14960037:14961423,11:38:00,11:38:00,102341,12,5608,,0,0,0
11912144:14960037:14961433,11:38:00,11:38:00,102341,12,5608,,0,0,0
11912144:14960037:14961423,11:38:00,11:38:00,102348,13,5890,,0,0,0
11912144:14960037:14961433,11:38:00,11:38:00,102348,13,5890,,0,0,0
11912144:14960037:14961423,11:39:00,11:39:00,102363,14,6398,,0,0,0
11912144:14960037:14961433,11:39:00,11:39:00,102363,14,6398,,0,0,0
11912144:14960037:14961423,11:40:00,11:40:00,102375,15,7195,,0,0,1
11912144:14960037:14961433,11:40:00,11:40:00,102375,15,7195,,0,0,1
11912144:14960037:14961423,11:40:00,11:40:00,102377,16,7490,,0,0,0
11912144:14960037:14961433,11:40:00,11:40:00,102377,16,7490,,0,0,0
11912144:14960037:14961423,11:41:00,11:41:00,102378,17,7956,,0,0,0
11912144:14960037:14961433,11:41:00,11:41:00,102378,17,7956,,0,0,0
11912144:14960037:14961423,11:42:00,11:42:00,102380,18,8367,,0,0,0
11912144:14960037:14961433,11:42:00,11:42:00,102380,18,8367,,0,0,0
11912144:14960037:14961423,11:42:00,11:42:00,102382,19,8692,,0,0,0
11912144:14960037:14961433,11:42:00,11:42:00,102382,19,8692,,0,0,0
11912144:14960037:14961423,11:43:00,11:43:00,102391,20,8990,,0,0,0
11912144:14960037:14961433,11:43:00,11:43:00,102391,20,8990,,0,0,0
11912144:14960037:14961423,11:43:00,11:43:00,102401,21,9225,,0,0,0
11912144:14960037:14961433,11:43:00,11:43:00,102401,21,9225,,0,0,0
11912144:14960037:14961423,11:44:00,11:44:00,102396,22,9828,,0,0,0
11912144:14960037:14961433,11:44:00,11:44:00,102396,22,9828,,0,0,0
11912144:14960037:14961423,11:44:00,11:44:00,102395,23,10033,,0,0,0
11912144:14960037:14961433,11:44:00,11:44:00,102395,23,10033,,0,0,0
11912144:14960037:14961423,11:45:00,11:45:00,102388,24,10387,,0,0,0
11912144:14960037:14961433,11:45:00,11:45:00,102388,24,10387,,0,0,0
11912144:14960037:14961423,11:46:00,11:46:00,102384,25,10864,,0,0,0
11912144:14960037:14961433,11:46:00,11:46:00,102384,25,10864,,0,0,0
11912144:14960037:14961423,11:46:00,11:46:00,102383,26,11167,,0,0,0
11912144:14960037:14961433,11:46:00,11:46:00,102383,26,11167,,0,0,0
11912144:14960037:14961423,11:47:00,11:47:00,102389,27,11635,,0,0,0
11912144:14960037:14961433,11:47:00,11:47:00,102389,27,11635,,0,0,0
11912144:14960037:14961423,11:47:00,11:47:00,102399,28,11849,,0,0,0
11912144:14960037:14961433,11:47:00,11:47:00,102399,28,11849,,0,0,0
11912144:14960037:14961423,11:48:00,11:48:00,102402,29,12020,,0,0,0
11912144:14960037:14961433,11:48:00,11:48:00,102402,29,12020,,0,0,0
11912144:14960037:14961423,11:48:00,11:48:00,102412,30,12566,,0,0,0
11912144:14960037:14961433,11:48:00,11:48:00,102412,30,12566,,0,0,0
11912144:14960037:14961423,11:49:00,11:49:00,102419,31,13125,,0,0,0
11912144:14960037:14961433,11:49:00,11:49:00,102419,31,13125,,0,0,0
11912144:14960037:14961423,11:50:00,11:50:00,102425,32,13394,,0,0,0
11912144:14960037:14961433,11:50:00,11:50:00,102425,32,13394,,0,0,0
11912144:14960037:14961423,11:50:00,11:50:00,102428,33,13572,,0,0,1
11912144:14960037:14961433,11:50:00,11:50:00,102428,33,13572,,0,0,1
11912144:14960037:14961423,11:51:00,11:51:00,102424,34,13992,,0,0,0
11912144:14960037:14961433,11:51:00,11:51:00,102424,34,13992,,0,0,0
11912144:14960037:14961423,11:51:00,11:51:00,102429,35,14386,,0,0,0
11912144:14960037:14961433,11:51:00,11:51:00,102429,35,14386,,0,0,0
11912144:14960037:14961423,11:51:00,11:51:00,102431,36,14673,,0,0,0
11912144:14960037:14961433,11:51:00,11:51:00,102431,36,14673,,0,0,0
11912144:14960037:14961423,11:52:00,11:52:00,102423,37,14993,,0,0,0
11912144:14960037:14961433,11:52:00,11:52:00,102423,37,14993,,0,0,0
11912144:14960037:14961423,11:53:00,11:53:00,102415,38,15782,,0,0,0
11912144:14960037:14961433,11:53:00,11:53:00,102415,38,15782,,0,0,0
11912144:14960037:14961423,11:53:00,11:53:00,102413,39,16154,,0,0,0
11912144:14960037:14961433,11:53:00,11:53:00,102413,39,16154,,0,0,0
11912144:14960037:14961423,11:54:00,11:54:00,102409,40,16452,,0,0,0
11912144:14960037:14961433,11:54:00,11:54:00,102409,40,16452,,0,0,0
11912144:14960037:14961423,11:54:00,11:54:00,102405,41,16887,,0,0,0
11912144:14960037:14961433,11:54:00,11:54:00,102405,41,16887,,0,0,0
11912144:14960037:14961423,11:55:00,11:55:00,102400,42,17268,,0,0,0
11912144:14960037:14961433,11:55:00,11:55:00,102400,42,17268,,0,0,0
11912144:14960037:14961423,11:55:00,11:55:00,102386,43,17579,,0,0,1
11912144:14960037:14961433,11:55:00,11:55:00,102386,43,17579,,0,0,1
11912144:14960037:14961423,11:59:00,11:59:00,102304,44,21018,,0,0,0
11912144:14960037:14961433,11:59:00,11:59:00,102304,44,21018,,0,0,0
11912144:14960037:14961423,11:59:00,11:59:00,102300,45,21237,,0,0,0
11912144:14960037:14961433,11:59:00,11:59:00,102300,45,21237,,0,0,0
11912144:14960037:14961423,12:00:00,12:00:00,102283,46,21624,,0,0,0
11912144:14960037:14961433,12:00:00,12:00:00,102283,46,21624,,0,0,0
11912144:14960037:14961423,12:00:00,12:00:00,102267,47,21950,,0,0,1
11912144:14960037:14961433,12:00:00,12:00:00,102267,47,21950,,0,0,1
11912144:14960037:14961423,12:03:00,12:03:00,102248,48,22896,,0,0,0
11912144:14960037:14961433,12:03:00,12:03:00,102248,48,22896,,0,0,0
11912144:14960037:14961423,12:05:00,12:05:00,102249,49,23561,,0,0,0
11912144:14960037:14961433,12:05:00,12:05:00,102249,49,23561,,0,0,0
11912144:14960037:14961423,12:07:00,12:07:00,102259,50,23957,,0,0,0
11912144:14960037:14961433,12:07:00,12:07:00,102259,50,23957,,0,0,0
11912144:14960037:14961423,12:08:00,12:08:00,100917,51,24363,,0,0,0
11912144:14960037:14961433,12:08:00,12:08:00,100917,51,24363,,0,0,0
11912144:14960037:14961423,12:09:00,12:09:00,102280,52,24662,,0,0,0
11912144:14960037:14961433,12:09:00,12:09:00,102280,52,24662,,0,0,0
11912144:14960037:14961423,12:10:00,12:10:00,102269,53,25001,,0,0,0
11912144:14960037:14961433,12:10:00,12:10:00,102269,53,25001,,0,0,0
11912144:14960037:14961423,12:12:00,12:12:00,102253,54,25547,,1,0,1
11912144:14960037:14961433,12:12:00,12:12:00,102253,54,25547,,1,0,1
11757598:14960458:14961426,09:27:00,09:27:00,102253,1,0,,0,0,1
11757598:14960458:14961540,09:27:00,09:27:00,102253,1,0,,0,0,1
11757598:14960458:14961426,09:28:00,09:28:00,102243,2,214,,0,0,0
11757598:14960458:14961540,09:28:00,09:28:00,102243,2,214,,0,0,0
11757598:14960458:14961426,09:30:00,09:30:00,102251,3,1130,,0,0,0
11757598:14960458:14961540,09:30:00,09:30:00,102251,3,1130,,0,0,0
11757598:14960458:14961426,09:31:00,09:31:00,102257,4,1621,,0,0,0
11757598:14960458:14961540,09:31:00,09:31:00,102257,4,1621,,0,0,0
11757598:14960458:14961426,09:32:00,09:32:00,102266,5,1926,,0,0,0
11757598:14960458:14961540,09:32:00,09:32:00,102266,5,1926,,0,0,0
11757598:14960458:14961426,09:33:00,09:33:00,102279,6,2407,,0,0,1
11757598:14960458:14961540,09:33:00,09:33:00,102279,6,2407,,0,0,1
11757598:14960458:14961426,09:33:00,09:33:00,102281,7,2634,,0,0,0
11757598:14960458:14961540,09:33:00,09:33:00,102281,7,2634,,0,0,0
11757598:14960458:14961426,09:34:00,09:34:00,102284,8,2922,,0,0,0
11757598:14960458:14961540,09:34:00,09:34:00,102284,8,2922,,0,0,0
11757598:14960458:14961426,09:35:00,09:35:00,102289,9,3498,,0,0,0
11757598:14960458:14961540,09:35:00,09:35:00,102289,9,3498,,0,0,0
11757598:14960458:14961426,09:36:00,09:36:00,102298,10,4502,,0,0,0
11757598:14960458:14961540,09:36:00,09:36:00,102298,10,4502,,0,0,0
11757598:14960458:14961426,09:37:00,09:37:00,102306,11,5020,,0,0,0
11757598:14960458:14961540,09:37:00,09:37:00,102306,11,5020,,0,0,0
11757598:14960458:14961426,09:38:00,09:38:00,102341,12,5608,,0,0,0
11757598:14960458:14961540,09:38:00,09:38:00,102341,12,5608,,0,0,0
11757598:14960458:14961426,09:38:00,09:38:00,102348,13,5890,,0,0,0
11757598:14960458:14961540,09:38:00,09:38:00,102348,13,5890,,0,0,0
11757598:14960458:14961426,09:39:00,09:39:00,102363,14,6398,,0,0,0
11757598:14960458:14961540,09:39:00,09:39:00,102363,14,6398,,0,0,0
11757598:14960458:14961426,09:40:00,09:40:00,102375,15,7195,,0,0,1
11757598:14960458:14961540,09:40:00,09:40:00,102375,15,7195,,0,0,1
11757598:14960458:14961426,09:40:00,09:40:00,102377,16,7490,,0,0,0
11757598:14960458:14961540,09:40:00,09:40:00,102377,16,7490,,0,0,0
11757598:14960458:14961426,09:41:00,09:41:00,102378,17,7956,,0,0,0
11757598:14960458:14961540,09:41:00,09:41:00,102378,17,7956,,0,0,0
11757598:14960458:14961426,09:42:00,09:42:00,102380,18,8367,,0,0,0
11757598:14960458:14961540,09:42:00,09:42:00,102380,18,8367,,0,0,0
11757598:14960458:14961426,09:42:00,09:42:00,102382,19,8692,,0,0,0
11757598:14960458:14961540,09:42:00,09:42:00,102382,19,8692,,0,0,0
11757598:14960458:14961426,09:43:00,09:43:00,102391,20,8990,,0,0,0
11757598:14960458:14961540,09:43:00,09:43:00,102391,20,8990,,0,0,0
11757598:14960458:14961426,09:43:00,09:43:00,102401,21,9225,,0,0,0
11757598:14960458:14961540,09:43:00,09:43:00,102401,21,9225,,0,0,0
11757598:14960458:14961426,09:44:00,09:44:00,102396,22,9828,,0,0,0
11757598:14960458:14961540,09:44:00,09:44:00,102396,22,9828,,0,0,0
11757598:14960458:14961426,09:45:00,09:45:00,102395,23,10033,,0,0,0
11757598:14960458:14961540,09:45:00,09:45:00,102395,23,10033,,0,0,0
11757598:14960458:14961426,09:45:00,09:45:00,102388,24,10387,,0,0,0
11757598:14960458:14961540,09:45:00,09:45:00,102388,24,10387,,0,0,0
11757598:14960458:14961426,09:46:00,09:46:00,102384,25,10864,,0,0,0
11757598:14960458:14961540,09:46:00,09:46:00,102384,25,10864,,0,0,0
11757598:14960458:14961426,09:46:00,09:46:00,102383,26,11167,,0,0,0
11757598:14960458:14961540,09:46:00,09:46:00,102383,26,11167,,0,0,0
11757598:14960458:14961426,09:47:00,09:47:00,102765,27,11650,,0,0,0
11757598:14960458:14961540,09:47:00,09:47:00,102765,27,11650,,0,0,0
11757598:14960458:14961426,09:55:00,09:55:00,102428,28,16484,,0,0,1
11757598:14960458:14961540,09:55:00,09:55:00,102428,28,16484,,0,0,1
11757598:14960458:14961426,09:56:00,09:56:00,102424,29,16904,,0,0,0
11757598:14960458:14961540,09:56:00,09:56:00,102424,29,16904,,0,0,0
11757598:14960458:14961426,09:56:00,09:56:00,102429,30,17298,,0,0,0
11757598:14960458:14961540,09:56:00,09:56:00,102429,30,17298,,0,0,0
11757598:14960458:14961426,09:56:00,09:56:00,102431,31,17585,,0,0,0
11757598:14960458:14961540,09:56:00,09:56:00,102431,31,17585,,0,0,0
11757598:14960458:14961426,09:57:00,09:57:00,102423,32,17905,,0,0,0
11757598:14960458:14961540,09:57:00,09:57:00,102423,32,17905,,0,0,0
11757598:14960458:14961426,09:58:00,09:58:00,102415,33,18694,,0,0,0
11757598:14960458:14961540,09:58:00,09:58:00,102415,33,18694,,0,0,0
11757598:14960458:14961426,09:58:00,09:58:00,102413,34,19066,,0,0,0
11757598:14960458:14961540,09:58:00,09:58:00,102413,34,19066,,0,0,0
11757598:14960458:14961426,09:59:00,09:59:00,102409,35,19364,,0,0,0
11757598:14960458:14961540,09:59:00,09:59:00,102409,35,19364,,0,0,0
11757598:14960458:14961426,09:59:00,09:59:00,102405,36,19799,,0,0,0
11757598:14960458:14961540,09:59:00,09:59:00,102405,36,19799,,0,0,0
11757598:14960458:14961426,10:00:00,10:00:00,102400,37,20180,,0,0,0
11757598:14960458:14961540,10:00:00,10:00:00,102400,37,20180,,0,0,0
11757598:14960458:14961426,10:00:00,10:00:00,102386,38,20491,,0,0,1
11757598:14960458:14961540,10:00:00,10:00:00,102386,38,20491,,0,0,1
11757598:14960458:14961426,10:04:00,10:04:00,102304,39,23930,,0,0,0
11757598:14960458:14961540,10:04:00,10:04:00,102304,39,23930,,0,0,0
11757598:14960458:14961426,10:04:00,10:04:00,102300,40,24149,,0,0,0
11757598:14960458:14961540,10:04:00,10:04:00,102300,40,24149,,0,0,0
11757598:14960458:14961426,10:05:00,10:05:00,102283,41,24536,,0,0,0
11757598:14960458:14961540,10:05:00,10:05:00,102283,41,24536,,0,0,0
11757598:14960458:14961426,10:05:00,10:05:00,102267,42,24862,,0,0,1
11757598:14960458:14961540,10:05:00,10:05:00,102267,42,24862,,0,0,1
11757598:14960458:14961426,10:08:00,10:08:00,102248,43,25808,,0,0,0
11757598:14960458:14961540,10:08:00,10:08:00,102248,43,25808,,0,0,0
11757598:14960458:14961426,10:10:00,10:10:00,102249,44,26473,,0,0,0
11757598:14960458:14961540,10:10:00,10:10:00,102249,44,26473,,0,0,0
11757598:14960458:14961426,10:11:00,10:11:00,102259,45,26869,,0,0,0
11757598:14960458:14961540,10:11:00,10:11:00,102259,45,26869,,0,0,0
11757598:14960458:14961426,10:12:00,10:12:00,100917,46,27275,,0,0,0
11757598:14960458:14961540,10:12:00,10:12:00,100917,46,27275,,0,0,0
11757598:14960458:14961426,10:13:00,10:13:00,102280,47,27574,,0,0,0
11757598:14960458:14961540,10:13:00,10:13:00,102280,47,27574,,0,0,0
11757598:14960458:14961426,10:14:00,10:14:00,102269,48,27913,,0,0,0
11757598:14960458:14961540,10:14:00,10:14:00,102269,48,27913,,0,0,0
11757598:14960458:14961426,10:16:00,10:16:00,102253,49,28459,,1,0,1
11757598:14960458:14961540,10:16:00,10:16:00,102253,49,28459,,1,0,1
12334092:14960467:14961521,11:35:00,11:35:00,102253,1,0,,0,0,1
12334092:14960467:14961521,11:36:00,11:36:00,102243,2,214,,0,0,0
12334092:14960467:14961521,11:38:00,11:38:00,102251,3,1130,,0,0,0
12334092:14960467:14961521,11:39:00,11:39:00,102257,4,1621,,0,0,0
12334092:14960467:14961521,11:40:00,11:40:00,102266,5,1926,,0,0,0
12334092:14960467:14961521,11:41:00,11:41:00,102279,6,2407,,0,0,1
12334092:14960467:14961521,11:41:00,11:41:00,102281,7,2634,,0,0,0
12334092:14960467:14961521,11:42:00,11:42:00,102284,8,2922,,0,0,0
12334092:14960467:14961521,11:42:00,11:42:00,102289,9,3498,,0,0,0
12334092:14960467:14961521,11:44:00,11:44:00,102298,10,4502,,0,0,0
12334092:14960467:14961521,11:44:00,11:44:00,102306,11,5020,,0,0,0
12334092:14960467:14961521,11:45:00,11:45:00,102341,12,5608,,0,0,0
12334092:14960467:14961521,11:45:00,11:45:00,102348,13,5890,,0,0,0
12334092:14960467:14961521,11:46:00,11:46:00,102363,14,6398,,0,0,0
12334092:14960467:14961521,11:47:00,11:47:00,102375,15,7195,,0,0,1
12334092:14960467:14961521,11:47:00,11:47:00,102377,16,7490,,0,0,0
12334092:14960467:14961521,11:48:00,11:48:00,102378,17,7956,,0,0,0
12334092:14960467:14961521,11:49:00,11:49:00,102380,18,8367,,0,0,0
12334092:14960467:14961521,11:49:00,11:49:00,102382,19,8692,,0,0,0
12334092:14960467:14961521,11:50:00,11:50:00,102391,20,8990,,0,0,0
12334092:14960467:14961521,11:50:00,11:50:00,102401,21,9225,,0,0,0
12334092:14960467:14961521,11:51:00,11:51:00,102396,22,9828,,0,0,0
12334092:14960467:14961521,11:51:00,11:51:00,102395,23,10033,,0,0,0
12334092:14960467:14961521,11:52:00,11:52:00,102388,24,10387,,0,0,0
12334092:14960467:14961521,11:53:00,11:53:00,102384,25,10864,,0,0,0
12334092:14960467:14961521,11:53:00,11:53:00,102383,26,11167,,0,0,0
12334092:14960467:14961521,11:54:00,11:54:00,102389,27,11635,,0,0,0
12334092:14960467:14961521,11:54:00,11:54:00,102399,28,11849,,0,0,0
12334092:14960467:14961521,11:55:00,11:55:00,102402,29,12020,,0,0,0
12334092:14960467:14961521,11:55:00,11:55:00,102412,30,12566,,0,0,0
12334092:14960467:14961521,11:56:00,11:56:00,102419,31,13125,,0,0,0
12334092:14960467:14961521,11:57:00,11:57:00,102425,32,13394,,0,0,0
12334092:14960467:14961521,11:57:00,11:57:00,102428,33,13572,,0,0,1
12334092:14960467:14961521,11:58:00,11:58:00,102424,34,13992,,0,0,0
12334092:14960467:14961521,11:58:00,11:58:00,102429,35,14386,,0,0,0
12334092:14960467:14961521,11:58:00,11:58:00,102431,36,14673,,0,0,0
12334092:14960467:14961521,11:59:00,11:59:00,102423,37,14993,,0,0,0
12334092:14960467:14961521,12:00:00,12:00:00,102415,38,15782,,0,0,0
12334092:14960467:14961521,12:00:00,12:00:00,102413,39,16154,,0,0,0
12334092:14960467:14961521,12:01:00,12:01:00,102409,40,16452,,0,0,0
12334092:14960467:14961521,12:01:00,12:01:00,102405,41,16887,,0,0,0
12334092:14960467:14961521,12:02:00,12:02:00,102400,42,17268,,0,0,0
12334092:14960467:14961521,12:02:00,12:02:00,102386,43,17579,,0,0,1
12334092:14960467:14961521,12:06:00,12:06:00,102304,44,21018,,0,0,0
12334092:14960467:14961521,12:06:00,12:06:00,102300,45,21237,,0,0,0
12334092:14960467:14961521,12:07:00,12:07:00,102283,46,21624,,0,0,0
12334092:14960467:14961521,12:07:00,12:07:00,102267,47,21950,,0,0,1
12334092:14960467:14961521,12:10:00,12:10:00,102248,48,22896,,0,0,0
12334092:14960467:14961521,12:12:00,12:12:00,102249,49,23561,,0,0,0
12334092:14960467:14961521,12:13:00,12:13:00,102259,50,23957,,0,0,0
12334092:14960467:14961521,12:14:00,12:14:00,100917,51,24363,,0,0,0
12334092:14960467:14961521,12:15:00,12:15:00,102280,52,24662,,0,0,0
12334092:14960467:14961521,12:16:00,12:16:00,102269,53,25001,,0,0,0
12334092:14960467:14961521,12:18:00,12:18:00,102253,54,25547,,1,0,1
11757586:14960568:14961475,07:27:00,07:27:00,102253,1,0,,0,0,1
11757586:14960568:14961514,07:27:00,07:27:00,102253,1,0,,0,0,1
11757586:14960568:14961475,07:28:00,07:28:00,102243,2,214,,0,0,0
11757586:14960568:14961514,07:28:00,07:28:00,102243,2,214,,0,0,0
11757586:14960568:14961475,07:30:00,07:30:00,102251,3,1130,,0,0,0
11757586:14960568:14961514,07:30:00,07:30:00,102251,3,1130,,0,0,0
11757586:14960568:14961475,07:31:00,07:31:00,102257,4,1621,,0,0,0
11757586:14960568:14961514,07:31:00,07:31:00,102257,4,1621,,0,0,0
11757586:14960568:14961475,07:32:00,07:32:00,102266,5,1926,,0,0,0
11757586:14960568:14961514,07:32:00,07:32:00,102266,5,1926,,0,0,0
11757586:14960568:14961475,07:33:00,07:33:00,102279,6,2407,,0,0,1
11757586:14960568:14961514,07:33:00,07:33:00,102279,6,2407,,0,0,1
11757586:14960568:14961475,07:33:00,07:33:00,102281,7,2634,,0,0,0
11757586:14960568:14961514,07:33:00,07:33:00,102281,7,2634,,0,0,0
11757586:14960568:14961475,07:34:00,07:34:00,102284,8,2922,,0,0,0
11757586:14960568:14961514,07:34:00,07:34:00,102284,8,2922,,0,0,0
11757586:14960568:14961475,07:35:00,07:35:00,102289,9,3498,,0,0,0
11757586:14960568:14961514,07:35:00,07:35:00,102289,9,3498,,0,0,0
11757586:14960568:14961475,07:36:00,07:36:00,102298,10,4502,,0,0,0
11757586:14960568:14961514,07:36:00,07:36:00,102298,10,4502,,0,0,0
11757586:14960568:14961475,07:37:00,07:37:00,102306,11,5020,,0,0,0
11757586:14960568:14961514,07:37:00,07:37:00,102306,11,5020,,0,0,0
11757586:14960568:14961475,07:38:00,07:38:00,102341,12,5608,,0,0,0
11757586:14960568:14961514,07:38:00,07:38:00,102341,12,5608,,0,0,0
11757586:14960568:14961475,07:38:00,07:38:00,102348,13,5890,,0,0,0
11757586:14960568:14961514,07:38:00,07:38:00,102348,13,5890,,0,0,0
11757586:14960568:14961475,07:39:00,07:39:00,102363,14,6398,,0,0,0
11757586:14960568:14961514,07:39:00,07:39:00,102363,14,6398,,0,0,0
11757586:14960568:14961475,07:40:00,07:40:00,102375,15,7195,,0,0,1
11757586:14960568:14961514,07:40:00,07:40:00,102375,15,7195,,0,0,1
11757586:14960568:14961475,07:40:00,07:40:00,102377,16,7490,,0,0,0
11757586:14960568:14961514,07:40:00,07:40:00,102377,16,7490,,0,0,0
11757586:14960568:14961475,07:41:00,07:41:00,102378,17,7956,,0,0,0
11757586:14960568:14961514,07:41:00,07:41:00,102378,17,7956,,0,0,0
11757586:14960568:14961475,07:42:00,07:42:00,102380,18,8367,,0,0,0
11757586:14960568:14961514,07:42:00,07:42:00,102380,18,8367,,0,0,0
11757586:14960568:14961475,07:42:00,07:42:00,102382,19,8692,,0,0,0
11757586:14960568:14961514,07:42:00,07:42:00,102382,19,8692,,0,0,0
11757586:14960568:14961475,07:43:00,07:43:00,102391,20,8990,,0,0,0
11757586:14960568:14961514,07:43:00,07:43:00,102391,20,8990,,0,0,0
11757586:14960568:14961475,07:43:00,07:43:00,102401,21,9225,,0,0,0
11757586:14960568:14961514,07:43:00,07:43:00,102401,21,9225,,0,0,0
11757586:14960568:14961475,07:44:00,07:44:00,102396,22,9828,,0,0,0
11757586:14960568:14961514,07:44:00,07:44:00,102396,22,9828,,0,0,0
11757586:14960568:14961475,07:45:00,07:45:00,102395,23,10033,,0,0,0
11757586:14960568:14961514,07:45:00,07:45:00,102395,23,10033,,0,0,0
11757586:14960568:14961475,07:45:00,07:45:00,102388,24,10387,,0,0,0
11757586:14960568:14961514,07:45:00,07:45:00,102388,24,10387,,0,0,0
11757586:14960568:14961475,07:46:00,07:46:00,102384,25,10864,,0,0,0
11757586:14960568:14961514,07:46:00,07:46:00,102384,25,10864,,0,0,0
11757586:14960568:14961475,07:46:00,07:46:00,102383,26,11167,,0,0,0
11757586:14960568:14961514,07:46:00,07:46:00,102383,26,11167,,0,0,0
11757586:14960568:14961475,07:47:00,07:47:00,102765,27,11650,,0,0,0
11757586:14960568:14961514,07:47:00,07:47:00,102765,27,11650,,0,0,0
11757586:14960568:14961475,07:55:00,07:55:00,102428,28,16484,,0,0,1
11757586:14960568:14961514,07:55:00,07:55:00,102428,28,16484,,0,0,1
11757586:14960568:14961475,07:56:00,07:56:00,102424,29,16904,,0,0,0
11757586:14960568:14961514,07:56:00,07:56:00,102424,29,16904,,0,0,0
11757586:14960568:14961475,07:56:00,07:56:00,102429,30,17298,,0,0,0
11757586:14960568:14961514,07:56:00,07:56:00,102429,30,17298,,0,0,0
11757586:14960568:14961475,07:56:00,07:56:00,102431,31,17585,,0,0,0
11757586:14960568:14961514,07:56:00,07:56:00,102431,31,17585,,0,0,0
11757586:14960568:14961475,07:57:00,07:57:00,102423,32,17905,,0,0,0
11757586:14960568:14961514,07:57:00,07:57:00,102423,32,17905,,0,0,0
11757586:14960568:14961475,07:58:00,07:58:00,102415,33,18694,,0,0,0
11757586:14960568:14961514,07:58:00,07:58:00,102415,33,18694,,0,0,0
11757586:14960568:14961475,07:58:00,07:58:00,102413,34,19066,,0,0,0
11757586:14960568:14961514,07:58:00,07:58:00,102413,34,19066,,0,0,0
11757586:14960568:14961475,07:59:00,07:59:00,102409,35,19364,,0,0,0
11757586:14960568:14961514,07:59:00,07:59:00,102409,35,19364,,0,0,0
11757586:14960568:14961475,07:59:00,07:59:00,102405,36,19799,,0,0,0
11757586:14960568:14961514,07:59:00,07:59:00,102405,36,19799,,0,0,0
11757586:14960568:14961475,08:00:00,08:00:00,102400,37,20180,,0,0,0
11757586:14960568:14961514,08:00:00,08:00:00,102400,37,20180,,0,0,0
11757586:14960568:14961475,08:00:00,08:00:00,102386,38,20491,,0,0,1
11757586:14960568:14961514,08:00:00,08:00:00,102386,38,20491,,0,0,1
11757586:14960568:14961475,08:04:00,08:04:00,102304,39,23930,,0,0,0
11757586:14960568:14961514,08:04:00,08:04:00,102304,39,23930,,0,0,0
11757586:14960568:14961475,08:04:00,08:04:00,102300,40,24149,,0,0,0
11757586:14960568:14961514,08:04:00,08:04:00,102300,40,24149,,0,0,0
11757586:14960568:14961475,08:05:00,08:05:00,102283,41,24536,,0,0,0
11757586:14960568:14961514,08:05:00,08:05:00,102283,41,24536,,0,0,0
11757586:14960568:14961475,08:05:00,08:05:00,102267,42,24862,,0,0,1
11757586:14960568:14961514,08:05:00,08:05:00,102267,42,24862,,0,0,1
11757586:14960568:14961475,08:08:00,08:08:00,102248,43,25808,,0,0,0
11757586:14960568:14961514,08:08:00,08:08:00,102248,43,25808,,0,0,0
11757586:14960568:14961475,08:10:00,08:10:00,102249,44,26473,,0,0,0
11757586:14960568:14961514,08:10:00,08:10:00,102249,44,26473,,0,0,0
11757586:14960568:14961475,08:11:00,08:11:00,102259,45,26869,,0,0,0
11757586:14960568:14961514,08:11:00,08:11:00,102259,45,26869,,0,0,0
11757586:14960568:14961475,08:12:00,08:12:00,100917,46,27275,,0,0,0
11757586:14960568:14961514,08:12:00,08:12:00,100917,46,27275,,0,0,0
11757586:14960568:14961475,08:13:00,08:13:00,102280,47,27574,,0,0,0
11757586:14960568:14961514,08:13:00,08:13:00,102280,47,27574,,0,0,0
11757586:14960568:14961475,08:13:00,08:13:00,102269,48,27913,,0,0,0
11757586:14960568:14961514,08:13:00,08:13:00,102269,48,27913,,0,0,0
11757586:14960568:14961475,08:15:00,08:15:00,102253,49,28459,,1,0,1
11757586:14960568:14961514,08:15:00,08:15:00,102253,49,28459,,1,0,1
11757688:14960576:14961357,19:27:00,19:27:00,102253,1,0,,0,0,1
11757688:14960576:14961363,19:27:00,19:27:00,102253,1,0,,0,0,1
11757688:14960576:14961357,19:28:00,19:28:00,102243,2,214,,0,0,0
11757688:14960576:14961363,19:28:00,19:28:00,102243,2,214,,0,0,0
11757688:14960576:14961357,19:30:00,19:30:00,102251,3,1130,,0,0,0
11757688:14960576:14961363,19:30:00,19:30:00,102251,3,1130,,0,0,0
11757688:14960576:14961357,19:31:00,19:31:00,102257,4,1621,,0,0,0
11757688:14960576:14961363,19:31:00,19:31:00,102257,4,1621,,0,0,0
11757688:14960576:14961357,19:32:00,19:32:00,102266,5,1926,,0,0,0
11757688:14960576:14961363,19:32:00,19:32:00,102266,5,1926,,0,0,0
11757688:14960576:14961357,19:33:00,19:33:00,102279,6,2407,,0,0,1
11757688:14960576:14961363,19:33:00,19:33:00,102279,6,2407,,0,0,1
11757688:14960576:14961357,19:33:00,19:33:00,102281,7,2634,,0,0,0
11757688:14960576:14961363,19:33:00,19:33:00,102281,7,2634,,0,0,0
11757688:14960576:14961357,19:34:00,19:34:00,102284,8,2922,,0,0,0
11757688:14960576:14961363,19:34:00,19:34:00,102284,8,2922,,0,0,0
11757688:14960576:14961357,19:34:00,19:34:00,102289,9,3498,,0,0,0
11757688:14960576:14961363,19:34:00,19:34:00,102289,9,3498,,0,0,0
11757688:14960576:14961357,19:36:00,19:36:00,102298,10,4502,,0,0,0
11757688:14960576:14961363,19:36:00,19:36:00,102298,10,4502,,0,0,0
11757688:14960576:14961357,19:36:00,19:36:00,102306,11,5020,,0,0,0
11757688:14960576:14961363,19:36:00,19:36:00,102306,11,5020,,0,0,0
11757688:14960576:14961357,19:37:00,19:37:00,102341,12,5608,,0,0,0
11757688:14960576:14961363,19:37:00,19:37:00,102341,12,5608,,0,0,0
11757688:14960576:14961357,19:37:00,19:37:00,102348,13,5890,,0,0,0
11757688:14960576:14961363,19:37:00,19:37:00,102348,13,5890,,0,0,0
11757688:14960576:14961357,19:38:00,19:38:00,102363,14,6398,,0,0,0
11757688:14960576:14961363,19:38:00,19:38:00,102363,14,6398,,0,0,0
11757688:14960576:14961357,19:39:00,19:39:00,102375,15,7195,,0,0,1
11757688:14960576:14961363,19:39:00,19:39:00,102375,15,7195,,0,0,1
11757688:14960576:14961357,19:39:00,19:39:00,102377,16,7490,,0,0,0
11757688:14960576:14961363,19:39:00,19:39:00,102377,16,7490,,0,0,0
11757688:14960576:14961357,19:40:00,19:40:00,102378,17,7956,,0,0,0
11757688:14960576:14961363,19:40:00,19:40:00,102378,17,7956,,0,0,0
11757688:14960576:14961357,19:41:00,19:41:00,102380,18,8367,,0,0,0
11757688:14960576:14961363,19:41:00,19:41:00,102380,18,8367,,0,0,0
11757688:14960576:14961357,19:41:00,19:41:00,102382,19,8692,,0,0,0
11757688:14960576:14961363,19:41:00,19:41:00,102382,19,8692,,0,0,0
11757688:14960576:14961357,19:42:00,19:42:00,102391,20,8990,,0,0,0
11757688:14960576:14961363,19:42:00,19:42:00,102391,20,8990,,0,0,0
11757688:14960576:14961357,19:42:00,19:42:00,102401,21,9225,,0,0,0
11757688:14960576:14961363,19:42:00,19:42:00,102401,21,9225,,0,0,0
11757688:14960576:14961357,19:43:00,19:43:00,102396,22,9828,,0,0,0
11757688:14960576:14961363,19:43:00,19:43:00,102396,22,9828,,0,0,0
11757688:14960576:14961357,19:44:00,19:44:00,102395,23,10033,,0,0,0
11757688:14960576:14961363,19:44:00,19:44:00,102395,23,10033,,0,0,0
11757688:14960576:14961357,19:44:00,19:44:00,102388,24,10387,,0,0,0
11757688:14960576:14961363,19:44:00,19:44:00,102388,24,10387,,0,0,0
11757688:14960576:14961357,19:45:00,19:45:00,102384,25,10864,,0,0,0
11757688:14960576:14961363,19:45:00,19:45:00,102384,25,10864,,0,0,0
11757688:14960576:14961357,19:45:00,19:45:00,102383,26,11167,,0,0,0
11757688:14960576:14961363,19:45:00,19:45:00,102383,26,11167,,0,0,0
11757688:14960576:14961357,19:46:00,19:46:00,102765,27,11650,,0,0,0
11757688:14960576:14961363,19:46:00,19:46:00,102765,27,11650,,0,0,0
11757688:14960576:14961357,19:54:00,19:54:00,102428,28,16484,,0,0,1
11757688:14960576:14961363,19:54:00,19:54:00,102428,28,16484,,0,0,1
11757688:14960576:14961357,19:55:00,19:55:00,102424,29,16904,,0,0,0
11757688:14960576:14961363,19:55:00,19:55:00,102424,29,16904,,0,0,0
11757688:14960576:14961357,19:55:00,19:55:00,102429,30,17298,,0,0,0
11757688:14960576:14961363,19:55:00,19:55:00,102429,30,17298,,0,0,0
11757688:14960576:14961357,19:55:00,19:55:00,102431,31,17585,,0,0,0
11757688:14960576:14961363,19:55:00,19:55:00,102431,31,17585,,0,0,0
11757688:14960576:14961357,19:56:00,19:56:00,102423,32,17905,,0,0,0
11757688:14960576:14961363,19:56:00,19:56:00,102423,32,17905,,0,0,0
11757688:14960576:14961357,19:57:00,19:57:00,102415,33,18694,,0,0,0
11757688:14960576:14961363,19:57:00,19:57:00,102415,33,18694,,0,0,0
11757688:14960576:14961357,19:57:00,19:57:00,102413,34,19066,,0,0,0
11757688:14960576:14961363,19:57:00,19:57:00,102413,34,19066,,0,0,0
11757688:14960576:14961357,19:58:00,19:58:00,102409,35,19364,,0,0,0
11757688:14960576:14961363,19:58:00,19:58:00,102409,35,19364,,0,0,0
11757688:14960576:14961357,19:58:00,19:58:00,102405,36,19799,,0,0,0
11757688:14960576:14961363,19:58:00,19:58:00,102405,36,19799,,0,0,0
11757688:14960576:14961357,19:59:00,19:59:00,102400,37,20180,,0,0,0
11757688:14960576:14961363,19:59:00,19:59:00,102400,37,20180,,0,0,0
11757688:14960576:14961357,19:59:00,19:59:00,102386,38,20491,,0,0,1
11757688:14960576:14961363,19:59:00,19:59:00,102386,38,20491,,0,0,1
11757688:14960576:14961357,20:03:00,20:03:00,102304,39,23930,,0,0,0
11757688:14960576:14961363,20:03:00,20:03:00,102304,39,23930,,0,0,0
11757688:14960576:14961357,20:03:00,20:03:00,102300,40,24149,,0,0,0
11757688:14960576:14961363,20:03:00,20:03:00,102300,40,24149,,0,0,0
11757688:14960576:14961357,20:04:00,20:04:00,102283,41,24536,,0,0,0
11757688:14960576:14961363,20:04:00,20:04:00,102283,41,24536,,0,0,0
11757688:14960576:14961357,20:04:00,20:04:00,102267,42,24862,,0,0,1
11757688:14960576:14961363,20:04:00,20:04:00,102267,42,24862,,0,0,1
11757688:14960576:14961357,20:06:00,20:06:00,102248,43,25808,,0,0,0
11757688:14960576:14961363,20:06:00,20:06:00,102248,43,25808,,0,0,0
11757688:14960576:14961357,20:08:00,20:08:00,102249,44,26473,,0,0,0
11757688:14960576:14961363,20:08:00,20:08:00,102249,44,26473,,0,0,0
11757688:14960576:14961357,20:09:00,20:09:00,102259,45,26869,,0,0,0
11757688:14960576:14961363,20:09:00,20:09:00,102259,45,26869,,0,0,0
11757688:14960576:14961357,20:10:00,20:10:00,100917,46,27275,,0,0,0
11757688:14960576:14961363,20:10:00,20:10:00,100917,46,27275,,0,0,0
11757688:14960576:14961357,20:11:00,20:11:00,102280,47,27574,,0,0,0
11757688:14960576:14961363,20:11:00,20:11:00,102280,47,27574,,0,0,0
11757688:14960576:14961357,20:12:00,20:12:00,102269,48,27913,,0,0,0
11757688:14960576:14961363,20:12:00,20:12:00,102269,48,27913,,0,0,0
11757688:14960576:14961357,20:13:00,20:13:00,102253,49,28459,,1,0,1
11757688:14960576:14961363,20:13:00,20:13:00,102253,49,28459,,1,0,1
12250079:14960624:14961545,20:16:00,20:16:00,100405,1,0,,0,0,1
12250079:14960624:14961545,20:17:00,20:17:00,101011,2,813,,0,0,0
12250079:14960624:14961545,20:18:00,20:18:00,100991,3,1017,,0,0,0
12250079:14960624:14961545,20:19:00,20:19:00,100950,4,1546,,0,0,0
12250079:14960624:14961545,20:19:00,20:19:00,100932,5,1851,,0,0,0
12250079:14960624:14961545,20:20:00,20:20:00,100897,6,2170,,0,0,0
12250079:14960624:14961545,20:20:00,20:20:00,100826,7,2575,,0,0,0
12250079:14960624:14961545,20:21:00,20:21:00,100752,8,2940,,0,0,0
12250079:14960624:14961545,20:21:00,20:21:00,100725,9,3176,,0,0,0
12250079:14960624:14961545,20:22:00,20:22:00,100702,10,3420,,0,0,0
12250079:14960624:14961545,20:22:00,20:22:00,100681,11,3612,,0,0,0
12250079:14960624:14961545,20:22:00,20:22:00,100659,12,3809,,0,0,0
12250079:14960624:14961545,20:23:00,20:23:00,100625,13,4117,,0,0,0
12250079:14960624:14961545,20:23:00,20:23:00,100602,14,4342,,0,0,0
12250079:14960624:14961545,20:24:00,20:24:00,100559,15,4764,,0,0,1
12250079:14960624:14961545,20:24:00,20:24:00,100550,16,4975,,0,0,0
12250079:14960624:14961545,20:25:00,20:25:00,100533,17,5139,,0,0,0
12250079:14960624:14961545,20:25:00,20:25:00,100517,18,5460,,0,0,0
12250079:14960624:14961545,20:26:00,20:26:00,100511,19,5880,,0,0,0
12250079:14960624:14961545,20:27:00,20:27:00,100489,20,6109,,0,0,0
12250079:14960624:14961545,20:27:00,20:27:00,100475,21,6342,,0,0,0
12250079:14960624:14961545,20:28:00,20:28:00,100432,22,6825,,0,0,0
12250079:14960624:14961545,20:29:00,20:29:00,100383,23,7204,,0,0,0
12250079:14960624:14961545,20:29:00,20:29:00,100340,24,7478,,0,0,0
12250079:14960624:14961545,20:30:00,20:30:00,100303,25,7783,,0,0,0
12250079:14960624:14961545,20:30:00,20:30:00,100269,26,8049,,0,0,0
12250079:14960624:14961545,20:31:00,20:31:00,100236,27,8261,,0,0,0
12250079:14960624:14961545,20:31:00,20:31:00,100205,28,8523,,0,0,0
12250079:14960624:14961545,20:32:00,20:32:00,102215,29,8934,,0,0,1
12250079:14960624:14961545,20:33:00,20:33:00,100137,30,9163,,0,0,0
12250079:14960624:14961545,20:34:00,20:34:00,100091,31,9474,,0,0,0
12250079:14960624:14961545,20:35:00,20:35:00,100073,32,9619,,0,0,0
12250079:14960624:14961545,20:36:00,20:36:00,100035,33,9936,,0,0,0
12250079:14960624:14961545,20:37:00,20:37:00,100025,34,10260,,0,0,1
12250079:14960624:14961545,20:39:00,20:39:00,100032,35,10663,,0,0,0
12250079:14960624:14961545,20:41:00,20:41:00,102710,36,10938,,1,0,1
11912120:14960749:14961423,07:27:00,07:27:00,102253,1,0,,0,0,1
11912120:14960749:14961433,07:27:00,07:27:00,102253,1,0,,0,0,1
11912120:14960749:14961423,07:28:00,07:28:00,102243,2,214,,0,0,0
11912120:14960749:14961433,07:28:00,07:28:00,102243,2,214,,0,0,0
11912120:14960749:14961423,07:30:00,07:30:00,102251,3,1130,,0,0,0
11912120:14960749:14961433,07:30:00,07:30:00,102251,3,1130,,0,0,0
11912120:14960749:14961423,07:31:00,07:31:00,102257,4,1621,,0,0,0
11912120:14960749:14961433,07:31:00,07:31:00,102257,4,1621,,0,0,0
11912120:14960749:14961423,07:32:00,07:32:00,102266,5,1926,,0,0,0
11912120:14960749:14961433,07:32:00,07:32:00,102266,5,1926,,0,0,0
11912120:14960749:14961423,07:33:00,07:33:00,102279,6,2407,,0,0,1
11912120:14960749:14961433,07:33:00,07:33:00,102279,6,2407,,0,0,1
11912120:14960749:14961423,07:33:00,07:33:00,102281,7,2634,,0,0,0
11912120:14960749:14961433,07:33:00,07:33:00,102281,7,2634,,0,0,0
11912120:14960749:14961423,07:34:00,07:34:00,102284,8,2922,,0,0,0
11912120:14960749:14961433,07:34:00,07:34:00,102284,8,2922,,0,0,0
11912120:14960749:14961423,07:35:00,07:35:00,102289,9,3498,,0,0,0
11912120:14960749:14961433,07:35:00,07:35:00,102289,9,3498,,0,0,0
11912120:14960749:14961423,07:36:00,07:36:00,102298,10,4502,,0,0,0
11912120:14960749:14961433,07:36:00,07:36:00,102298,10,4502,,0,0,0
11912120:14960749:14961423,07:37:00,07:37:00,102306,11,5020,,0,0,0
11912120:14960749:14961433,07:37:00,07:37:00,102306,11,5020,,0,0,0
11912120:14960749:14961423,07:38:00,07:38:00,102341,12,5608,,0,0,0
11912120:14960749:14961433,07:38:00,07:38:00,102341,12,5608,,0,0,0
11912120:14960749:14961423,07:38:00,07:38:00,102348,13,5890,,0,0,0
11912120:14960749:14961433,07:38:00,07:38:00,102348,13,5890,,0,0,0
11912120:14960749:14961423,07:39:00,07:39:00,102363,14,6398,,0,0,0
11912120:14960749:14961433,07:39:00,07:39:00,102363,14,6398,,0,0,0
11912120:14960749:14961423,07:40:00,07:40:00,102375,15,7195,,0,0,1
11912120:14960749:14961433,07:40:00,07:40:00,102375,15,7195,,0,0,1
11912120:14960749:14961423,07:40:00,07:40:00,102377,16,7490,,0,0,0
11912120:14960749:14961433,07:40:00,07:40:00,102377,16,7490,,0,0,0
11912120:14960749:14961423,07:41:00,07:41:00,102378,17,7956,,0,0,0
11912120:14960749:14961433,07:41:00,07:41:00,102378,17,7956,,0,0,0
11912120:14960749:14961423,07:42:00,07:42:00,102380,18,8367,,0,0,0
11912120:14960749:14961433,07:42:00,07:42:00,102380,18,8367,,0,0,0
11912120:14960749:14961423,07:42:00,07:42:00,102382,19,8692,,0,0,0
11912120:14960749:14961433,07:42:00,07:42:00,102382,19,8692,,0,0,0
11912120:14960749:14961423,07:43:00,07:43:00,102391,20,8990,,0,0,0
11912120:14960749:14961433,07:43:00,07:43:00,102391,20,8990,,0,0,0
11912120:14960749:14961423,07:43:00,07:43:00,102401,21,9225,,0,0,0
11912120:14960749:14961433,07:43:00,07:43:00,102401,21,9225,,0,0,0
11912120:14960749:14961423,07:44:00,07:44:00,102396,22,9828,,0,0,0
11912120:14960749:14961433,07:44:00,07:44:00,102396,22,9828,,0,0,0
11912120:14960749:14961423,07:44:00,07:44:00,102395,23,10033,,0,0,0
11912120:14960749:14961433,07:44:00,07:44:00,102395,23,10033,,0,0,0
11912120:14960749:14961423,07:45:00,07:45:00,102388,24,10387,,0,0,0
11912120:14960749:14961433,07:45:00,07:45:00,102388,24,10387,,0,0,0
11912120:14960749:14961423,07:46:00,07:46:00,102384,25,10864,,0,0,0
11912120:14960749:14961433,07:46:00,07:46:00,102384,25,10864,,0,0,0
11912120:14960749:14961423,07:46:00,07:46:00,102383,26,11167,,0,0,0
11912120:14960749:14961433,07:46:00,07:46:00,102383,26,11167,,0,0,0
11912120:14960749:14961423,07:47:00,07:47:00,102389,27,11635,,0,0,0
11912120:14960749:14961433,07:47:00,07:47:00,102389,27,11635,,0,0,0
11912120:14960749:14961423,07:47:00,07:47:00,102399,28,11849,,0,0,0
11912120:14960749:14961433,07:47:00,07:47:00,102399,28,11849,,0,0,0
11912120:14960749:14961423,07:48:00,07:48:00,102402,29,12020,,0,0,0
11912120:14960749:14961433,07:48:00,07:48:00,102402,29,12020,,0,0,0
11912120:14960749:14961423,07:48:00,07:48:00,102412,30,12566,,0,0,0
11912120:14960749:14961433,07:48:00,07:48:00,102412,30,12566,,0,0,0
11912120:14960749:14961423,07:49:00,07:49:00,102419,31,13125,,0,0,0
11912120:14960749:14961433,07:49:00,07:49:00,102419,31,13125,,0,0,0
11912120:14960749:14961423,07:50:00,07:50:00,102425,32,13394,,0,0,0
11912120:14960749:14961433,07:50:00,07:50:00,102425,32,13394,,0,0,0
11912120:14960749:14961423,07:50:00,07:50:00,102428,33,13572,,0,0,1
11912120:14960749:14961433,07:50:00,07:50:00,102428,33,13572,,0,0,1
11912120:14960749:14961423,07:51:00,07:51:00,102424,34,13992,,0,0,0
11912120:14960749:14961433,07:51:00,07:51:00,102424,34,13992,,0,0,0
11912120:14960749:14961423,07:51:00,07:51:00,102429,35,14386,,0,0,0
11912120:14960749:14961433,07:51:00,07:51:00,102429,35,14386,,0,0,0
11912120:14960749:14961423,07:51:00,07:51:00,102431,36,14673,,0,0,0
11912120:14960749:14961433,07:51:00,07:51:00,102431,36,14673,,0,0,0
11912120:14960749:14961423,07:52:00,07:52:00,102423,37,14993,,0,0,0
11912120:14960749:14961433,07:52:00,07:52:00,102423,37,14993,,0,0,0
11912120:14960749:14961423,07:53:00,07:53:00,102415,38,15782,,0,0,0
11912120:14960749:14961433,07:53:00,07:53:00,102415,38,15782,,0,0,0
11912120:14960749:14961423,07:53:00,07:53:00,102413,39,16154,,0,0,0
11912120:14960749:14961433,07:53:00,07:53:00,102413,39,16154,,0,0,0
11912120:14960749:14961423,07:54:00,07:54:00,102409,40,16452,,0,0,0
11912120:14960749:14961433,07:54:00,07:54:00,102409,40,16452,,0,0,0
11912120:14960749:14961423,07:54:00,07:54:00,102405,41,16887,,0,0,0
11912120:14960749:14961433,07:54:00,07:54:00,102405,41,16887,,0,0,0
11912120:14960749:14961423,07:55:00,07:55:00,102400,42,17268,,0,0,0
11912120:14960749:14961433,07:55:00,07:55:00,102400,42,17268,,0,0,0
11912120:14960749:14961423,07:55:00,07:55:00,102386,43,17579,,0,0,1
11912120:14960749:14961433,07:55:00,07:55:00,102386,43,17579,,0,0,1
11912120:14960749:14961423,07:59:00,07:59:00,102304,44,21018,,0,0,0
11912120:14960749:14961433,07:59:00,07:59:00,102304,44,21018,,0,0,0
11912120:14960749:14961423,07:59:00,07:59:00,102300,45,21237,,0,0,0
11912120:14960749:14961433,07:59:00,07:59:00,102300,45,21237,,0,0,0
11912120:14960749:14961423,08:00:00,08:00:00,102283,46,21624,,0,0,0
11912120:14960749:14961433,08:00:00,08:00:00,102283,46,21624,,0,0,0
11912120:14960749:14961423,08:00:00,08:00:00,102267,47,21950,,0,0,1
11912120:14960749:14961433,08:00:00,08:00:00,102267,47,21950,,0,0,1
11912120:14960749:14961423,08:03:00,08:03:00,102248,48,22896,,0,0,0
11912120:14960749:14961433,08:03:00,08:03:00,102248,48,22896,,0,0,0
11912120:14960749:14961423,08:05:00,08:05:00,102249,49,23561,,0,0,0
11912120:14960749:14961433,08:05:00,08:05:00,102249,49,23561,,0,0,0
11912120:14960749:14961423,08:06:00,08:06:00,102259,50,23957,,0,0,0
11912120:14960749:14961433,08:06:00,08:06:00,102259,50,23957,,0,0,0
11912120:14960749:14961423,08:07:00,08:07:00,100917,51,24363,,0,0,0
11912120:14960749:14961433,08:07:00,08:07:00,100917,51,24363,,0,0,0
11912120:14960749:14961423,08:08:00,08:08:00,102280,52,24662,,0,0,0
11912120:14960749:14961433,08:08:00,08:08:00,102280,52,24662,,0,0,0
11912120:14960749:14961423,08:08:00,08:08:00,102269,53,25001,,0,0,0
11912120:14960749:14961433,08:08:00,08:08:00,102269,53,25001,,0,0,0
11912120:14960749:14961423,08:10:00,08:10:00,102253,54,25547,,1,0,1
11912120:14960749:14961433,08:10:00,08:10:00,102253,54,25547,,1,0,1
11899538:14960803:14961395,20:16:00,20:16:00,100405,1,0,,0,0,1
11899538:14960803:14961395,20:17:00,20:17:00,101011,2,813,,0,0,0
11899538:14960803:14961395,20:18:00,20:18:00,100991,3,1017,,0,0,0
11899538:14960803:14961395,20:19:00,20:19:00,100950,4,1546,,0,0,0
11899538:14960803:14961395,20:19:00,20:19:00,100932,5,1851,,0,0,0
11899538:14960803:14961395,20:20:00,20:20:00,100897,6,2170,,0,0,0
11899538:14960803:14961395,20:20:00,20:20:00,100826,7,2575,,0,0,0
11899538:14960803:14961395,20:21:00,20:21:00,100752,8,2940,,0,0,0
11899538:14960803:14961395,20:21:00,20:21:00,100725,9,3176,,0,0,0
11899538:14960803:14961395,20:22:00,20:22:00,100702,10,3420,,0,0,0
11899538:14960803:14961395,20:22:00,20:22:00,100681,11,3612,,0,0,0
11899538:14960803:14961395,20:22:00,20:22:00,100659,12,3809,,0,0,0
11899538:14960803:14961395,20:23:00,20:23:00,100625,13,4117,,0,0,0
11899538:14960803:14961395,20:23:00,20:23:00,100602,14,4342,,0,0,0
11899538:14960803:14961395,20:24:00,20:24:00,100559,15,4764,,0,0,1
11899538:14960803:14961395,20:24:00,20:24:00,100550,16,4975,,0,0,0
11899538:14960803:14961395,20:25:00,20:25:00,100533,17,5139,,0,0,0
11899538:14960803:14961395,20:25:00,20:25:00,100517,18,5460,,0,0,0
11899538:14960803:14961395,20:26:00,20:26:00,100511,19,5880,,0,0,0
11899538:14960803:14961395,20:27:00,20:27:00,100489,20,6109,,0,0,0
11899538:14960803:14961395,20:27:00,20:27:00,100475,21,6342,,0,0,0
11899538:14960803:14961395,20:28:00,20:28:00,100432,22,6825,,0,0,0
11899538:14960803:14961395,20:29:00,20:29:00,100383,23,7204,,0,0,0
11899538:14960803:14961395,20:29:00,20:29:00,100340,24,7478,,0,0,0
11899538:14960803:14961395,20:30:00,20:30:00,100303,25,7783,,0,0,0
11899538:14960803:14961395,20:30:00,20:30:00,100269,26,8049,,0,0,0
11899538:14960803:14961395,20:31:00,20:31:00,100236,27,8261,,0,0,0
11899538:14960803:14961395,20:31:00,20:31:00,100205,28,8523,,0,0,0
11899538:14960803:14961395,20:32:00,20:32:00,102215,29,8934,,0,0,1
11899538:14960803:14961395,20:33:00,20:33:00,100137,30,9163,,0,0,0
11899538:14960803:14961395,20:34:00,20:34:00,100091,31,9474,,0,0,0
11899538:14960803:14961395,20:35:00,20:35:00,100073,32,9619,,0,0,0
11899538:14960803:14961395,20:36:00,20:36:00,100035,33,9936,,0,0,0
11899538:14960803:14961395,20:37:00,20:37:00,100025,34,10260,,0,0,1
11899538:14960803:14961395,20:39:00,20:39:00,100032,35,10663,,0,0,0
11899538:14960803:14961395,20:41:00,20:41:00,102710,36,10938,,1,0,1
12359084:14960812:14961367,15:27:00,15:27:00,102253,1,0,,0,0,1
12359084:14960812:14961367,15:28:00,15:28:00,102243,2,214,,0,0,0
12359084:14960812:14961367,15:30:00,15:30:00,102251,3,1130,,0,0,0
12359084:14960812:14961367,15:31:00,15:31:00,102257,4,1621,,0,0,0
12359084:14960812:14961367,15:32:00,15:32:00,102266,5,1926,,0,0,0
12359084:14960812:14961367,15:33:00,15:33:00,102279,6,2407,,0,0,1
12359084:14960812:14961367,15:33:00,15:33:00,102281,7,2634,,0,0,0
12359084:14960812:14961367,15:34:00,15:34:00,102284,8,2922,,0,0,0
12359084:14960812:14961367,15:35:00,15:35:00,102289,9,3498,,0,0,0
12359084:14960812:14961367,15:36:00,15:36:00,102298,10,4502,,0,0,0
12359084:14960812:14961367,15:37:00,15:37:00,102306,11,5020,,0,0,0
12359084:14960812:14961367,15:38:00,15:38:00,102341,12,5608,,0,0,0
12359084:14960812:14961367,15:38:00,15:38:00,102348,13,5890,,0,0,0
12359084:14960812:14961367,15:39:00,15:39:00,102363,14,6398,,0,0,0
12359084:14960812:14961367,15:40:00,15:40:00,102375,15,7195,,0,0,1
12359084:14960812:14961367,15:40:00,15:40:00,102377,16,7490,,0,0,0
12359084:14960812:14961367,15:41:00,15:41:00,102378,17,7956,,0,0,0
12359084:14960812:14961367,15:42:00,15:42:00,102380,18,8367,,0,0,0
12359084:14960812:14961367,15:42:00,15:42:00,102382,19,8692,,0,0,0
12359084:14960812:14961367,15:43:00,15:43:00,102391,20,8990,,0,0,0
12359084:14960812:14961367,15:43:00,15:43:00,102401,21,9225,,0,0,0
12359084:14960812:14961367,15:44:00,15:44:00,102396,22,9828,,0,0,0
12359084:14960812:14961367,15:44:00,15:44:00,102395,23,10033,,0,0,0
12359084:14960812:14961367,15:45:00,15:45:00,102388,24,10387,,0,0,0
12359084:14960812:14961367,15:46:00,15:46:00,102384,25,10864,,0,0,0
12359084:14960812:14961367,15:46:00,15:46:00,102383,26,11167,,0,0,0
12359084:14960812:14961367,15:47:00,15:47:00,102389,27,11635,,0,0,0
12359084:14960812:14961367,15:47:00,15:47:00,102399,28,11849,,0,0,0
12359084:14960812:14961367,15:48:00,15:48:00,102402,29,12020,,0,0,0
12359084:14960812:14961367,15:48:00,15:48:00,102412,30,12566,,0,0,0
12359084:14960812:14961367,15:49:00,15:49:00,102419,31,13125,,0,0,0
12359084:14960812:14961367,15:50:00,15:50:00,102425,32,13394,,0,0,0
12359084:14960812:14961367,15:50:00,15:50:00,102428,33,13572,,0,0,1
12359084:14960812:14961367,15:51:00,15:51:00,102424,34,13992,,0,0,0
12359084:14960812:14961367,15:51:00,15:51:00,102429,35,14386,,0,0,0
12359084:14960812:14961367,15:51:00,15:51:00,102431,36,14673,,0,0,0
12359084:14960812:14961367,15:52:00,15:52:00,102423,37,14993,,0,0,0
12359084:14960812:14961367,15:53:00,15:53:00,102415,38,15782,,0,0,0
12359084:14960812:14961367,15:53:00,15:53:00,102413,39,16154,,0,0,0
12359084:14960812:14961367,15:54:00,15:54:00,102409,40,16452,,0,0,0
12359084:14960812:14961367,15:54:00,15:54:00,102405,41,16887,,0,0,0
12359084:14960812:14961367,15:55:00,15:55:00,102400,42,17268,,0,0,0
12359084:14960812:14961367,15:55:00,15:55:00,102386,43,17579,,0,0,1
12359084:14960812:14961367,15:59:00,15:59:00,102304,44,21018,,0,0,0
12359084:14960812:14961367,15:59:00,15:59:00,102300,45,21237,,0,0,0
12359084:14960812:14961367,16:00:00,16:00:00,102283,46,21624,,0,0,0
12359084:14960812:14961367,16:00:00,16:00:00,102267,47,21950,,0,0,1
12359084:14960812:14961367,16:03:00,16:03:00,102248,48,22896,,0,0,0
12359084:14960812:14961367,16:05:00,16:05:00,102249,49,23561,,0,0,0
12359084:14960812:14961367,16:07:00,16:07:00,102259,50,23957,,0,0,0
12359084:14960812:14961367,16:08:00,16:08:00,100917,51,24363,,0,0,0
12359084:14960812:14961367,16:09:00,16:09:00,102280,52,24662,,0,0,0
12359084:14960812:14961367,16:10:00,16:10:00,102269,53,25001,,0,0,0
12359084:14960812:14961367,16:12:00,16:12:00,102253,54,25547,,1,0,1
12339445:14961016:14961399,11:35:00,11:35:00,102253,1,0,,0,0,1
12339445:14961016:14961399,11:36:00,11:36:00,102243,2,214,,0,0,0
12339445:14961016:14961399,11:38:00,11:38:00,102251,3,1130,,0,0,0
12339445:14961016:14961399,11:39:00,11:39:00,102257,4,1621,,0,0,0
12339445:14961016:14961399,11:40:00,11:40:00,102266,5,1926,,0,0,0
12339445:14961016:14961399,11:41:00,11:41:00,102279,6,2407,,0,0,1
12339445:14961016:14961399,11:41:00,11:41:00,102281,7,2634,,0,0,0
12339445:14961016:14961399,11:42:00,11:42:00,102284,8,2922,,0,0,0
12339445:14961016:14961399,11:42:00,11:42:00,102289,9,3498,,0,0,0
12339445:14961016:14961399,11:44:00,11:44:00,102298,10,4502,,0,0,0
12339445:14961016:14961399,11:44:00,11:44:00,102306,11,5020,,0,0,0
12339445:14961016:14961399,11:45:00,11:45:00,102341,12,5608,,0,0,0
12339445:14961016:14961399,11:45:00,11:45:00,102348,13,5890,,0,0,0
12339445:14961016:14961399,11:46:00,11:46:00,102363,14,6398,,0,0,0
12339445:14961016:14961399,11:47:00,11:47:00,102375,15,7195,,0,0,1
12339445:14961016:14961399,11:47:00,11:47:00,102377,16,7490,,0,0,0
12339445:14961016:14961399,11:48:00,11:48:00,102378,17,7956,,0,0,0
12339445:14961016:14961399,11:49:00,11:49:00,102380,18,8367,,0,0,0
12339445:14961016:14961399,11:49:00,11:49:00,102382,19,8692,,0,0,0
12339445:14961016:14961399,11:50:00,11:50:00,102391,20,8990,,0,0,0
12339445:14961016:14961399,11:50:00,11:50:00,102401,21,9225,,0,0,0
12339445:14961016:14961399,11:51:00,11:51:00,102396,22,9828,,0,0,0
12339445:14961016:14961399,11:51:00,11:51:00,102395,23,10033,,0,0,0
12339445:14961016:14961399,11:52:00,11:52:00,102388,24,10387,,0,0,0
12339445:14961016:14961399,11:53:00,11:53:00,102384,25,10864,,0,0,0
12339445:14961016:14961399,11:53:00,11:53:00,102383,26,11167,,0,0,0
12339445:14961016:14961399,11:54:00,11:54:00,102389,27,11635,,0,0,0
12339445:14961016:14961399,11:54:00,11:54:00,102399,28,11849,,0,0,0
12339445:14961016:14961399,11:55:00,11:55:00,102402,29,12020,,0,0,0
12339445:14961016:14961399,11:55:00,11:55:00,102412,30,12566,,0,0,0
12339445:14961016:14961399,11:56:00,11:56:00,102419,31,13125,,0,0,0
12339445:14961016:14961399,11:57:00,11:57:00,102425,32,13394,,0,0,0
12339445:14961016:14961399,11:57:00,11:57:00,102428,33,13572,,0,0,1
12339445:14961016:14961399,11:58:00,11:58:00,102424,34,13992,,0,0,0
12339445:14961016:14961399,11:58:00,11:58:00,102429,35,14386,,0,0,0
12339445:14961016:14961399,11:58:00,11:58:00,102431,36,14673,,0,0,0
12339445:14961016:14961399,11:59:00,11:59:00,102423,37,14993,,0,0,0
12339445:14961016:14961399,12:00:00,12:00:00,102415,38,15782,,0,0,0
12339445:14961016:14961399,12:00:00,12:00:00,102413,39,16154,,0,0,0
12339445:14961016:14961399,12:01:00,12:01:00,102409,40,16452,,0,0,0
12339445:14961016:14961399,12:01:00,12:01:00,102405,41,16887,,0,0,0
12339445:14961016:14961399,12:02:00,12:02:00,102400,42,17268,,0,0,0
12339445:14961016:14961399,12:02:00,12:02:00,102386,43,17579,,0,0,1
12339445:14961016:14961399,12:06:00,12:06:00,102304,44,21018,,0,0,0
12339445:14961016:14961399,12:06:00,12:06:00,102300,45,21237,,0,0,0
12339445:14961016:14961399,12:07:00,12:07:00,102283,46,21624,,0,0,0
12339445:14961016:14961399,12:07:00,12:07:00,102267,47,21950,,0,0,1
12339445:14961016:14961399,12:10:00,12:10:00,102248,48,22896,,0,0,0
12339445:14961016:14961399,12:12:00,12:12:00,102249,49,23561,,0,0,0
12339445:14961016:14961399,12:13:00,12:13:00,102259,50,23957,,0,0,0
12339445:14961016:14961399,12:14:00,12:14:00,100917,51,24363,,0,0,0
12339445:14961016:14961399,12:15:00,12:15:00,102280,52,24662,,0,0,0
12339445:14961016:14961399,12:16:00,12:16:00,102269,53,25001,,0,0,0
12339445:14961016:14961399,12:18:00,12:18:00,102253,54,25547,,1,0,1
11912115:14961067:14961423,06:30:00,06:30:00,102253,1,0,,0,0,1
11912115:14961067:14961433,06:30:00,06:30:00,102253,1,0,,0,0,1
11912115:14961067:14961423,06:31:00,06:31:00,102243,2,214,,0,0,0
11912115:14961067:14961433,06:31:00,06:31:00,102243,2,214,,0,0,0
11912115:14961067:14961423,06:33:00,06:33:00,102251,3,1130,,0,0,0
11912115:14961067:14961433,06:33:00,06:33:00,102251,3,1130,,0,0,0
11912115:14961067:14961423,06:34:00,06:34:00,102257,4,1621,,0,0,0
11912115:14961067:14961433,06:34:00,06:34:00,102257,4,1621,,0,0,0
11912115:14961067:14961423,06:35:00,06:35:00,102266,5,1926,,0,0,0
11912115:14961067:14961433,06:35:00,06:35:00,102266,5,1926,,0,0,0
11912115:14961067:14961423,06:36:00,06:36:00,102279,6,2407,,0,0,1
11912115:14961067:14961433,06:36:00,06:36:00,102279,6,2407,,0,0,1
11912115:14961067:14961423,06:36:00,06:36:00,102281,7,2634,,0,0,0
11912115:14961067:14961433,06:36:00,06:36:00,102281,7,2634,,0,0,0
11912115:14961067:14961423,06:37:00,06:37:00,102284,8,2922,,0,0,0
11912115:14961067:14961433,06:37:00,06:37:00,102284,8,2922,,0,0,0
11912115:14961067:14961423,06:37:00,06:37:00,102289,9,3498,,0,0,0
11912115:14961067:14961433,06:37:00,06:37:00,102289,9,3498,,0,0,0
11912115:14961067:14961423,06:39:00,06:39:00,102298,10,4502,,0,0,0
11912115:14961067:14961433,06:39:00,06:39:00,102298,10,4502,,0,0,0
11912115:14961067:14961423,06:39:00,06:39:00,102306,11,5020,,0,0,0
11912115:14961067:14961433,06:39:00,06:39:00,102306,11,5020,,0,0,0
11912115:14961067:14961423,06:40:00,06:40:00,102341,12,5608,,0,0,0
11912115:14961067:14961433,06:40:00,06:40:00,102341,12,5608,,0,0,0
11912115:14961067:14961423,06:40:00,06:40:00,102348,13,5890,,0,0,0
11912115:14961067:14961433,06:40:00,06:40:00,102348,13,5890,,0,0,0
11912115:14961067:14961423,06:41:00,06:41:00,102363,14,6398,,0,0,0
11912115:14961067:14961433,06:41:00,06:41:00,102363,14,6398,,0,0,0
11912115:14961067:14961423,06:42:00,06:42:00,102375,15,7195,,0,0,1
11912115:14961067:14961433,06:42:00,06:42:00,102375,15,7195,,0,0,1
11912115:14961067:14961423,06:42:00,06:42:00,102377,16,7490,,0,0,0
11912115:14961067:14961433,06:42:00,06:42:00,102377,16,7490,,0,0,0
11912115:14961067:14961423,06:43:00,06:43:00,102378,17,7956,,0,0,0
11912115:14961067:14961433,06:43:00,06:43:00,102378,17,7956,,0,0,0
11912115:14961067:14961423,06:44:00,06:44:00,102380,18,8367,,0,0,0
11912115:14961067:14961433,06:44:00,06:44:00,102380,18,8367,,0,0,0
11912115:14961067:14961423,06:44:00,06:44:00,102382,19,8692,,0,0,0
11912115:14961067:14961433,06:44:00,06:44:00,102382,19,8692,,0,0,0
11912115:14961067:14961423,06:45:00,06:45:00,102391,20,8990,,0,0,0
11912115:14961067:14961433,06:45:00,06:45:00,102391,20,8990,,0,0,0
11912115:14961067:14961423,06:45:00,06:45:00,102401,21,9225,,0,0,0
11912115:14961067:14961433,06:45:00,06:45:00,102401,21,9225,,0,0,0
11912115:14961067:14961423,06:46:00,06:46:00,102396,22,9828,,0,0,0
11912115:14961067:14961433,06:46:00,06:46:00,102396,22,9828,,0,0,0
11912115:14961067:14961423,06:46:00,06:46:00,102395,23,10033,,0,0,0
11912115:14961067:14961433,06:46:00,06:46:00,102395,23,10033,,0,0,0
11912115:14961067:14961423,06:47:00,06:47:00,102388,24,10387,,0,0,0
11912115:14961067:14961433,06:47:00,06:47:00,102388,24,10387,,0,0,0
11912115:14961067:14961423,06:48:00,06:48:00,102384,25,10864,,0,0,0
11912115:14961067:14961433,06:48:00,06:48:00,102384,25,10864,,0,0,0
11912115:14961067:14961423,06:48:00,06:48:00,102383,26,11167,,0,0,0
11912115:14961067:14961433,06:48:00,06:48:00,102383,26,11167,,0,0,0
11912115:14961067:14961423,06:49:00,06:49:00,102389,27,11635,,0,0,0
11912115:14961067:14961433,06:49:00,06:49:00,102389,27,11635,,0,0,0
11912115:14961067:14961423,06:49:00,06:49:00,102399,28,11849,,0,0,0
11912115:14961067:14961433,06:49:00,06:49:00,102399,28,11849,,0,0,0
11912115:14961067:14961423,06:50:00,06:50:00,102402,29,12020,,0,0,0
11912115:14961067:14961433,06:50:00,06:50:00,102402,29,12020,,0,0,0
11912115:14961067:14961423,06:50:00,06:50:00,102412,30,12566,,0,0,0
11912115:14961067:14961433,06:50:00,06:50:00,102412,30,12566,,0,0,0
11912115:14961067:14961423,06:51:00,06:51:00,102419,31,13125,,0,0,0
11912115:14961067:14961433,06:51:00,06:51:00,102419,31,13125,,0,0,0
11912115:14961067:14961423,06:52:00,06:52:00,102425,32,13394,,0,0,0
11912115:14961067:14961433,06:52:00,06:52:00,102425,32,13394,,0,0,0
11912115:14961067:14961423,06:52:00,06:52:00,102428,33,13572,,0,0,1
11912115:14961067:14961433,06:52:00,06:52:00,102428,33,13572,,0,0,1
11912115:14961067:14961423,06:53:00,06:53:00,102424,34,13992,,0,0,0
11912115:14961067:14961433,06:53:00,06:53:00,102424,34,13992,,0,0,0
11912115:14961067:14961423,06:53:00,06:53:00,102429,35,14386,,0,0,0
11912115:14961067:14961433,06:53:00,06:53:00,102429,35,14386,,0,0,0
11912115:14961067:14961423,06:53:00,06:53:00,102431,36,14673,,0,0,0
11912115:14961067:14961433,06:53:00,06:53:00,102431,36,14673,,0,0,0
11912115:14961067:14961423,06:54:00,06:54:00,102423,37,14993,,0,0,0
11912115:14961067:14961433,06:54:00,06:54:00,102423,37,14993,,0,0,0
11912115:14961067:14961423,06:55:00,06:55:00,102415,38,15782,,0,0,0
11912115:14961067:14961433,06:55:00,06:55:00,102415,38,15782,,0,0,0
11912115:14961067:14961423,06:55:00,06:55:00,102413,39,16154,,0,0,0
11912115:14961067:14961433,06:55:00,06:55:00,102413,39,16154,,0,0,0
11912115:14961067:14961423,06:56:00,06:56:00,102409,40,16452,,0,0,0
11912115:14961067:14961433,06:56:00,06:56:00,102409,40,16452,,0,0,0
11912115:14961067:14961423,06:56:00,06:56:00,102405,41,16887,,0,0,0
11912115:14961067:14961433,06:56:00,06:56:00,102405,41,16887,,0,0,0
11912115:14961067:14961423,06:57:00,06:57:00,102400,42,17268,,0,0,0
11912115:14961067:14961433,06:57:00,06:57:00,102400,42,17268,,0,0,0
11912115:14961067:14961423,06:57:00,06:57:00,102386,43,17579,,0,0,1
11912115:14961067:14961433,06:57:00,06:57:00,102386,43,17579,,0,0,1
11912115:14961067:14961423,07:01:00,07:01:00,102304,44,21018,,0,0,0
11912115:14961067:14961433,07:01:00,07:01:00,102304,44,21018,,0,0,0
11912115:14961067:14961423,07:01:00,07:01:00,102300,45,21237,,0,0,0
11912115:14961067:14961433,07:01:00,07:01:00,102300,45,21237,,0,0,0
11912115:14961067:14961423,07:02:00,07:02:00,102283,46,21624,,0,0,0
11912115:14961067:14961433,07:02:00,07:02:00,102283,46,21624,,0,0,0
11912115:14961067:14961423,07:02:00,07:02:00,102267,47,21950,,0,0,1
11912115:14961067:14961433,07:02:00,07:02:00,102267,47,21950,,0,0,1
11912115:14961067:14961423,07:05:00,07:05:00,102248,48,22896,,0,0,0
11912115:14961067:14961433,07:05:00,07:05:00,102248,48,22896,,0,0,0
11912115:14961067:14961423,07:07:00,07:07:00,102249,49,23561,,0,0,0
11912115:14961067:14961433,07:07:00,07:07:00,102249,49,23561,,0,0,0
11912115:14961067:14961423,07:08:00,07:08:00,102259,50,23957,,0,0,0
11912115:14961067:14961433,07:08:00,07:08:00,102259,50,23957,,0,0,0
11912115:14961067:14961423,07:09:00,07:09:00,100917,51,24363,,0,0,0
11912115:14961067:14961433,07:09:00,07:09:00,100917,51,24363,,0,0,0
11912115:14961067:14961423,07:10:00,07:10:00,102280,52,24662,,0,0,0
11912115:14961067:14961433,07:10:00,07:10:00,102280,52,24662,,0,0,0
11912115:14961067:14961423,07:10:00,07:10:00,102269,53,25001,,0,0,0
11912115:14961067:14961433,07:10:00,07:10:00,102269,53,25001,,0,0,0
11912115:14961067:14961423,07:12:00,07:12:00,102253,54,25547,,1,0,1
11912115:14961067:14961433,07:12:00,07:12:00,102253,54,25547,,1,0,1
11918361:14961158:14961449,20:16:00,20:16:00,100405,1,0,,0,0,1
11918361:14961158:14961449,20:17:00,20:17:00,101011,2,813,,0,0,0
11918361:14961158:14961449,20:18:00,20:18:00,100991,3,1017,,0,0,0
11918361:14961158:14961449,20:19:00,20:19:00,100950,4,1546,,0,0,0
11918361:14961158:14961449,20:19:00,20:19:00,100932,5,1851,,0,0,0
11918361:14961158:14961449,20:20:00,20:20:00,100897,6,2170,,0,0,0
11918361:14961158:14961449,20:20:00,20:20:00,100826,7,2575,,0,0,0
11918361:14961158:14961449,20:21:00,20:21:00,100752,8,2940,,0,0,0
11918361:14961158:14961449,20:21:00,20:21:00,100725,9,3176,,0,0,0
11918361:14961158:14961449,20:22:00,20:22:00,100702,10,3420,,0,0,0
11918361:14961158:14961449,20:22:00,20:22:00,100681,11,3612,,0,0,0
11918361:14961158:14961449,20:22:00,20:22:00,100659,12,3809,,0,0,0
11918361:14961158:14961449,20:23:00,20:23:00,100625,13,4117,,0,0,0
11918361:14961158:14961449,20:23:00,20:23:00,100602,14,4342,,0,0,0
11918361:14961158:14961449,20:24:00,20:24:00,100559,15,4764,,0,0,1
11918361:14961158:14961449,20:24:00,20:24:00,100550,16,4975,,0,0,0
11918361:14961158:14961449,20:25:00,20:25:00,100533,17,5139,,0,0,0
11918361:14961158:14961449,20:25:00,20:25:00,100517,18,5460,,0,0,0
11918361:14961158:14961449,20:26:00,20:26:00,100511,19,5880,,0,0,0
11918361:14961158:14961449,20:27:00,20:27:00,100489,20,6109,,0,0,0
11918361:14961158:14961449,20:27:00,20:27:00,100475,21,6342,,0,0,0
11918361:14961158:14961449,20:28:00,20:28:00,100432,22,6825,,0,0,0
11918361:14961158:14961449,20:29:00,20:29:00,100383,23,7204,,0,0,0
11918361:14961158:14961449,20:29:00,20:29:00,100340,24,7478,,0,0,0
11918361:14961158:14961449,20:30:00,20:30:00,100303,25,7783,,0,0,0
11918361:14961158:14961449,20:30:00,20:30:00,100269,26,8049,,0,0,0
11918361:14961158:14961449,20:31:00,20:31:00,100236,27,8261,,0,0,0
11918361:14961158:14961449,20:31:00,20:31:00,100205,28,8523,,0,0,0
11918361:14961158:14961449,20:32:00,20:32:00,102215,29,8934,,0,0,1
11918361:14961158:14961449,20:33:00,20:33:00,100137,30,9163,,0,0,0
11918361:14961158:14961449,20:34:00,20:34:00,100091,31,9474,,0,0,0
11918361:14961158:14961449,20:35:00,20:35:00,100073,32,9619,,0,0,0
11918361:14961158:14961449,20:36:00,20:36:00,100035,33,9936,,0,0,0
11918361:14961158:14961449,20:37:00,20:37:00,100025,34,10260,,0,0,1
11918361:14961158:14961449,20:39:00,20:39:00,100032,35,10663,,0,0,0
11918361:14961158:14961449,20:41:00,20:41:00,102710,36,10938,,1,0,1
12359021:14961304:14961407,07:27:00,07:27:00,102253,1,0,,0,0,1
12359021:14961304:14961407,07:28:00,07:28:00,102243,2,214,,0,0,0
12359021:14961304:14961407,07:30:00,07:30:00,102251,3,1130,,0,0,0
12359021:14961304:14961407,07:31:00,07:31:00,102257,4,1621,,0,0,0
12359021:14961304:14961407,07:32:00,07:32:00,102266,5,1926,,0,0,0
12359021:14961304:14961407,07:33:00,07:33:00,102279,6,2407,,0,0,1
12359021:14961304:14961407,07:33:00,07:33:00,102281,7,2634,,0,0,0
12359021:14961304:14961407,07:34:00,07:34:00,102284,8,2922,,0,0,0
12359021:14961304:14961407,07:35:00,07:35:00,102289,9,3498,,0,0,0
12359021:14961304:14961407,07:36:00,07:36:00,102298,10,4502,,0,0,0
12359021:14961304:14961407,07:37:00,07:37:00,102306,11,5020,,0,0,0
12359021:14961304:14961407,07:38:00,07:38:00,102341,12,5608,,0,0,0
12359021:14961304:14961407,07:38:00,07:38:00,102348,13,5890,,0,0,0
12359021:14961304:14961407,07:39:00,07:39:00,102363,14,6398,,0,0,0
12359021:14961304:14961407,07:40:00,07:40:00,102375,15,7195,,0,0,1
12359021:14961304:14961407,07:40:00,07:40:00,102377,16,7490,,0,0,0
12359021:14961304:14961407,07:41:00,07:41:00,102378,17,7956,,0,0,0
12359021:14961304:14961407,07:42:00,07:42:00,102380,18,8367,,0,0,0
12359021:14961304:14961407,07:42:00,07:42:00,102382,19,8692,,0,0,0
12359021:14961304:14961407,07:43:00,07:43:00,102391,20,8990,,0,0,0
12359021:14961304:14961407,07:43:00,07:43:00,102401,21,9225,,0,0,0
12359021:14961304:14961407,07:44:00,07:44:00,102396,22,9828,,0,0,0
12359021:14961304:14961407,07:44:00,07:44:00,102395,23,10033,,0,0,0
12359021:14961304:14961407,07:45:00,07:45:00,102388,24,10387,,0,0,0
12359021:14961304:14961407,07:46:00,07:46:00,102384,25,10864,,0,0,0
12359021:14961304:14961407,07:46:00,07:46:00,102383,26,11167,,0,0,0
12359021:14961304:14961407,07:47:00,07:47:00,102389,27,11635,,0,0,0
12359021:14961304:14961407,07:47:00,07:47:00,102399,28,11849,,0,0,0
12359021:14961304:14961407,07:48:00,07:48:00,102402,29,12020,,0,0,0
12359021:14961304:14961407,07:48:00,07:48:00,102412,30,12566,,0,0,0
12359021:14961304:14961407,07:49:00,07:49:00,102419,31,13125,,0,0,0
12359021:14961304:14961407,07:50:00,07:50:00,102425,32,13394,,0,0,0
12359021:14961304:14961407,07:50:00,07:50:00,102428,33,13572,,0,0,1
12359021:14961304:14961407,07:51:00,07:51:00,102424,34,13992,,0,0,0
12359021:14961304:14961407,07:51:00,07:51:00,102429,35,14386,,0,0,0
12359021:14961304:14961407,07:51:00,07:51:00,102431,36,14673,,0,0,0
12359021:14961304:14961407,07:52:00,07:52:00,102423,37,14993,,0,0,0
12359021:14961304:14961407,07:53:00,07:53:00,102415,38,15782,,0,0,0
12359021:14961304:14961407,07:53:00,07:53:00,102413,39,16154,,0,0,0
12359021:14961304:14961407,07:54:00,07:54:00,102409,40,16452,,0,0,0
12359021:14961304:14961407,07:54:00,07:54:00,102405,41,16887,,0,0,0
12359021:14961304:14961407,07:55:00,07:55:00,102400,42,17268,,0,0,0
12359021:14961304:14961407,07:55:00,07:55:00,102386,43,17579,,0,0,1
12359021:14961304:14961407,07:59:00,07:59:00,102304,44,21018,,0,0,0
12359021:14961304:14961407,07:59:00,07:59:00,102300,45,21237,,0,0,0
12359021:14961304:14961407,08:00:00,08:00:00,102283,46,21624,,0,0,0
12359021:14961304:14961407,08:00:00,08:00:00,102267,47,21950,,0,0,1
12359021:14961304:14961407,08:03:00,08:03:00,102248,48,22896,,0,0,0
12359021:14961304:14961407,08:05:00,08:05:00,102249,49,23561,,0,0,0
12359021:14961304:14961407,08:06:00,08:06:00,102259,50,23957,,0,0,0
12359021:14961304:14961407,08:07:00,08:07:00,100917,51,24363,,0,0,0
12359021:14961304:14961407,08:08:00,08:08:00,102280,52,24662,,0,0,0
12359021:14961304:14961407,08:08:00,08:08:00,102269,53,25001,,0,0,0
12359021:14961304:14961407,08:10:00,08:10:00,102253,54,25547,,1,0,1
